localauthoritycode,nation,region,altname1,local_code,v35,lat,regioncode,regionname,localauthorityname,A_2002,A_2003,A_2004,A_2005,A_2006,A_2007,A_2008,A_2009,A_2010,A_2011,A_2012,A_2013,A_2014,A_2015,A_2016,A_2017,A_2018,A_2019,A_2020,A_2021,A_2022,A_2023,_merge
HPL,England,North East,Hartlepool,E06000001,54.669014,-1.2556506,E12000001,North East,Hartlepool,2.86,3.02,2.82,2.86,4.14,4.63,4.7,3.98,4.75,4.32,3.98,4.79,4.69,4.74,4.62,4.82,4.6,4.9,4.55,5.03,4.19,4.16,Matched (3)
MDB,England,North East,Middlesbrough,E06000002,54.542477,-1.2224302,E12000001,North East,Middlesbrough,2.83,2.65,3.74,4.23,5.17,5.4,4.58,5.1700001,5.1,4.98,4.62,4.98,5.28,5.05,5.25,5.18,5.23,5.18,5.07,5.32,5.05,4.6,Matched (3)
RCC,England,North East,Redcar and Cleveland,E06000003,54.553616,-1.0216464,E12000001,North East,Redcar and Cleveland,2.83,3.95,4.37,4.67,5.66,5.52,5.71,4.98,5.57,4.74,5.19,4.8,4.9,5,5.33,5.12,5.37,5.03,5.06,5.84,5.06,5.02,Matched (3)
STT,England,North East,Stockton-on-Tees,E06000004,54.56274,-1.32898,E12000001,North East,Stockton-on-Tees,3.33,4.03,4.54,4.99,5.53,5.64,5.44,5,5.32,4.95,5.07,4.79,5.09,5.07,4.86,5.37,5.43,4.99,5.19,5.63,5.23,5.03,Matched (3)
DAL,England,North East,Darlington,E06000005,54.548698,-1.552587,E12000001,North East,Darlington,3.42,4.06,5.12,5.97,5.94,5.45,5.88,5.46,5.45,5.16,5.26,5.34,4.76,5.18,4.83,4.96,5.26,5.06,5.55,5.26,5.32,5.02,Matched (3)
HAL,England,North West,Halton,E06000006,53.34375,-2.7187967,E12000002,North West,Halton,3.17,4.1,4.58,5.6,5.83,5.38,5.25,5.1900001,5.47,4.96,4.83,4.8,4.96,5.01,5.34,5.24,5.07,5.33,5.03,5.73,5.12,4.95,Matched (3)
WRT,England,North West,Warrington,E06000007,53.398808,-2.5636258,E12000002,North West,Warrington,4.39,4.86,5.82,6,5.43,6.13,5.49,5.3200002,5.66,5.7,5.56,5.83,5.95,5.81,6,6.21,5.85,6.15,6.71,7.45,7.36,7.27,Matched (3)
BBD,England,North West,Blackburn with Darwen,E06000008,53.692612,-2.4675477,E12000002,North West,Blackburn with Darwen,2.38,2.68,3.24,3.74,4.09,4.51,4.99,4.23,4.28,4.4,4.47,4.39,4.29,4.88,4.57,4.64,5.12,4.86,5.09,5.46,5.04,4.28,Matched (3)
BPL,England,North West,Blackpool,E06000009,53.817661,-3.0355263,E12000002,North West,Blackpool,3.51,3.94,5.11,5.74,6.19,6.06,6.16,5.1599998,5.65,5.14,4.92,4.74,5.04,4.76,4.9,4.86,4.79,4.6,4.81,5.51,5.19,4.86,Matched (3)
KHL,England,Yorkshire and The Humber,Kingston upon Hull,E06000010,53.759914,-.33537593,E12000003,Yorkshire and The Humber,"Kingston upon Hull, City of",2.38,2.8,3.34,3.58,4.23,4.51,4.37,4.0999999,4.32,4.18,4,4.04,4.39,4.41,4.45,4.97,4.75,4.71,4.83,4.88,4.91,4.47,Matched (3)
ERY,England,Yorkshire and The Humber,East Riding of Yorkshire,E06000011,53.868042,-.48245737,E12000003,Yorkshire and The Humber,East Riding of Yorkshire,3.69,4.42,5.53,5.55,5.63,5.55,5.47,4.9299998,5.28,5.24,5.33,5.24,5.41,5.82,5.93,6.18,6.09,5.98,6,7.09,6.6,6.42,Matched (3)
NEL,England,Yorkshire and The Humber,North East Lincolnshire,E06000012,53.543968,-.13344508,E12000003,Yorkshire and The Humber,North East Lincolnshire,2.76,2.88,3.89,4.08,4.7,5.08,5.03,4.48,5.11,4.74,4.52,4.43,5.02,4.98,4.66,5.51,5,4.84,4.79,5.37,5.35,4.33,Matched (3)
NLN,England,Yorkshire and The Humber,North Lincolnshire,E06000013,53.59433,-.59249943,E12000003,Yorkshire and The Humber,North Lincolnshire,2.59,3.35,4.23,4.29,4.64,4.76,4.99,4.8200002,4.7,4.38,4.28,4.2,4.36,4.4,4.54,4.86,4.83,5.01,4.97,5.58,5.53,5.44,Matched (3)
YOR,England,Yorkshire and The Humber,York,E06000014,53.958721,-1.0614498,E12000003,Yorkshire and The Humber,York,5.18,6.2,6.49,6.71,7.19,7.03,7.05,6.2800002,7.02,6.88,6.7,6.53,7.27,8.2,8.3,8.76,8.81,8.52,8.32,8.87,8.96,9.3,Matched (3)
DER,England,East Midlands,Derby,E06000015,52.912544,-1.4683439,E12000004,East Midlands,Derby,3.13,3.82,4.8,5.05,5.27,6.08,5.12,4.52,4.73,4.57,4.51,4.72,4.88,4.83,5.04,5.08,4.85,5.43,5.4,6.09,6.2,5.99,Matched (3)
LCE,England,East Midlands,Leicester,E06000016,52.637913,-1.1284852,E12000004,East Midlands,Leicester,4.02,4.96,6.2,6.27,6.27,6.18,6.32,5.7600002,5.83,5.7,5.78,5.55,5.65,6.16,6.41,6.96,7.53,7.45,7.41,8.31,8.14,8.1,Matched (3)
RUT,England,East Midlands,Rutland,E06000017,52.660725,-.65469062,E12000004,East Midlands,Rutland,6.72,6.73,8.53,8.85,9.3,8.76,8.77,7.5900002,8.78,7.91,8.51,8.47,8.46,8.18,8.62,8.68,9.38,8.95,9.23,9.5,9.02,9.06,Matched (3)
NGM,England,East Midlands,Nottingham,E06000018,52.960587,-1.1765203,E12000004,East Midlands,Nottingham,3.61,4.64,5.04,5.27,5.4,5.07,5.29,4.4099998,4.53,4.26,4.31,4.46,4.86,4.98,5.14,5.53,5.8,5.58,5.87,6.71,6.55,6.6,Matched (3)
HEF,England,West Midlands,Herefordshire,E06000019,52.103477,-2.7449596,E12000005,West Midlands,"Herefordshire, County of",6.1,7.15,8.19,8.41,8.98,8.89,8.76,7.8499999,9.04,8.75,8.8,8.62,8.25,8.98,8.11,9.36,9.34,8.96,8.61,9.4,9.5,9.35,Matched (3)
TFW,England,West Midlands,Telford and Wrekin,E06000020,52.730194,-2.4887953,E12000005,West Midlands,Telford and Wrekin,4,4.78,5.76,5.96,6.24,5.95,5.92,6.04,6.21,6.05,6.07,6.06,6.08,5.99,6.24,6.77,6.37,6.28,6.46,7.46,7.09,6.45,Matched (3)
STE,England,West Midlands,Stoke-on-Trent,E06000021,53.018021,-2.1645284,E12000005,West Midlands,Stoke-on-Trent,2.51,2.75,3.77,4.34,4.54,4.63,4.46,4.0900002,4.19,4.01,3.97,4.08,4.27,4.41,4.61,4.63,4.62,4.73,4.63,5.1,4.92,4.71,Matched (3)
BAS,England,South West,Bath and North East Somerset,E06000022,51.355984,-2.4752562,E12000009,South West,Bath and North East Somerset,6.48,7.41,8,8.57,8.24,9.21,8.77,8.0200005,8.68,8.87,8.56,8.02,8.76,9.52,9.78,10.78,10.19,10.08,10.61,12.25,10.32,10.08,Matched (3)
BST,England,South West,City of Bristol,E06000023,51.452744,-2.7708387,E12000009,South West,"Bristol, City of",5.44,6.39,6.63,6.8,7.08,7.53,7.28,6.3600001,6.65,6.78,6.74,6.75,7.16,7.62,8.66,9.13,9.06,8.85,8.66,9.69,9.64,9.81,Matched (3)
NSM,England,South West,North Somerset,E06000024,51.389153,-2.8009005,E12000009,South West,North Somerset,5.16,5.9,6.36,6.54,6.61,6.92,7.12,6.4299998,6.86,6.45,6.3,6.37,6.69,7.29,7.51,7.68,8.27,8.3,7.79,10.22,8.89,8.89,Matched (3)
SGC,England,South West,South Gloucestershire,E06000025,51.546856,-2.4705489,E12000009,South West,South Gloucestershire,5.59,6.18,6.35,6.66,6.81,7.41,7.19,6.4699998,7.09,6.74,6.73,6.89,6.99,7.65,8.07,8.48,8.83,8.69,9.07,9.76,9.82,9.12,Matched (3)
PLY,England,South West,Plymouth,E06000026,50.391769,-4.1199183,E12000009,South West,Plymouth,4.19,4.64,5.73,6.55,6.57,7.14,6.34,5.9899998,6.14,6,5.96,6.01,6.33,6.48,6.61,6.26,6.32,6.89,6.48,7.57,7.54,6.7,Matched (3)
TOB,England,South West,Torbay,E06000027,50.44062,-3.5302098,E12000009,South West,Torbay,6.16,7.21,8.02,8.29,8.19,8.8,8.48,7.9699998,8.34,7.25,7.35,7.3,7.53,7.82,8.03,7.87,8.05,7.64,7.51,8.73,8.43,8.74,Matched (3)
BMH,England,,Bournemouth,E06000028,,,,,,,,,,,,,,,,,,,,,,,,,,,,Master only (1)
POL,England,,Poole,E06000029,,,,,,,,,,,,,,,,,,,,,,,,,,,,Master only (1)
SWD,England,South West,Swindon,E06000030,51.571518,-1.7438128,E12000009,South West,Swindon,5.44,5.8,6,6.14,6.26,6.18,5.92,5.2800002,5.81,5.58,5.57,5.82,5.9,6.22,6.67,7.45,7.6,7.5,7.21,8.04,7.62,7.5,Matched (3)
PTE,England,East of England,Peterborough,E06000031,52.608559,-.25310871,E12000006,East of England,Peterborough,3.89,4.51,5.76,6.03,6.3,6.59,6.23,5.5999999,5.63,5.53,5.38,5.73,6.09,6.37,6.46,7.04,7.33,7.16,7.5,7.75,7.53,7.13,Matched (3)
LUT,England,East of England,Luton,E06000032,51.894226,-.42559028,E12000006,East of England,Luton,4.57,5.31,5.77,6.24,6.22,6.99,6.72,5.7399998,6.25,6.08,6.12,6.08,6.47,6.94,8.12,8.17,8.77,8.12,8.55,9.4,9.4,9.29,Matched (3)
SOS,England,East of England,Southend-on-Sea,E06000033,51.538048,.72859603,E12000006,East of England,Southend-on-Sea,4.57,5.8,6.13,6.54,6.9,6.9,7,6.04,6.41,6.55,6.54,6.94,6.81,7.69,7.94,8.64,8.6,8.98,8.76,9.03,9.71,8.53,Matched (3)
THR,England,East of England,Thurrock,E06000034,51.505985,.37320462,E12000006,East of England,Thurrock,4.26,5.46,6,6.57,6.67,6.7,6.32,5.6900001,5.89,6.28,6.01,5.93,6.45,7.06,8.43,9.26,9.26,9.06,8.64,9.12,9.38,9.63,Matched (3)
MDW,England,South East,Medway,E06000035,51.425686,.56949717,E12000008,South East,Medway,4.24,5.35,5.83,6.18,5.82,6.26,6.04,5.1300001,5.56,5.33,5.24,5.69,5.67,6.33,7.27,7.64,7.96,7.89,7.67,9.29,8.81,8.38,Matched (3)
BRC,England,South East,Bracknell Forest,E06000036,51.408112,-.73973763,E12000008,South East,Bracknell Forest,5.76,6.85,6.38,6.61,6.93,7.29,7.7,6.6500001,7.78,7.35,7.78,7.63,8.28,9.05,10.33,10.13,10.63,9.97,9.81,10.66,10.35,10.11,Matched (3)
WBK,England,South East,West Berkshire,E06000037,51.449627,-1.3044356,E12000008,South East,West Berkshire,6.73,7.37,7.58,7.63,7.53,8.56,7.65,7.5700002,7.85,8.24,7.74,7.64,8.13,8.95,9.69,10.14,10.61,9.64,9.68,11.15,10.53,9.83,Matched (3)
RDG,England,South East,Reading,E06000038,51.45298,-.98382497,E12000008,South East,Reading,5.92,6.22,6.48,7.05,7.27,7.33,6.88,6.0599999,6.52,6.7,6.2,6.22,6.97,8.43,8.93,9.15,9.32,9.36,9.18,8.79,9.15,9.5,Matched (3)
SLG,England,South East,Slough,E06000039,51.5084,-.58623469,E12000008,South East,Slough,6.11,7.21,7.38,7.7,7.58,7.73,7.88,6.7399998,7.01,7.09,7.06,7.36,8.05,8.77,9.9,10.99,10.21,10.07,9.93,10.17,9.84,10.57,Matched (3)
WNM,England,South East,Windsor and Maidenhead,E06000040,51.485672,-.69947833,E12000008,South East,Windsor and Maidenhead,7.47,7.92,7.93,8.22,8.13,9.13,9.02,8.0799999,9.2,8.74,8.37,8.86,9.87,11.16,11.91,12.44,11.73,11.28,11.93,13.17,12.9,12.84,Matched (3)
WOK,England,South East,Wokingham,E06000041,51.429405,-.88384217,E12000008,South East,Wokingham,6.43,7.43,7.94,7.5,7.44,8.24,7.83,7.4099998,7.55,7.54,7.53,7.59,8.7,9.74,10.62,11.39,10.52,10.95,10.98,11.56,11,10.9,Matched (3)
MIK,England,South East,Milton Keynes,E06000042,52.083805,-.73354065,E12000008,South East,Milton Keynes,5.33,5.77,6.19,6.8,6.84,6.86,6.78,6.0500002,6.7,6.25,6.4,6.35,6.92,8.12,8.5,8.43,9.28,8.83,9.02,9.57,9.43,8.92,Matched (3)
BNH,England,South East,Brighton and Hove,E06000043,50.843487,-.13313545,E12000008,South East,Brighton and Hove,6.37,7.41,7.41,8.16,8.22,8.84,8.52,7.5599999,8.49,8.57,8.54,8.86,9.29,10.43,10.54,11.4,11.48,11.25,10.64,12.38,12.05,12.38,Matched (3)
POR,England,South East,Portsmouth,E06000044,50.820442,-1.0783733,E12000008,South East,Portsmouth,4.9,5.6,6.54,6.33,6.54,7.11,7.05,5.6599998,5.89,6.13,6.05,6.11,6.19,6.41,7.15,7.5,7.66,7.35,8.02,8.04,7.73,7.98,Matched (3)
STH,England,South East,Southampton,E06000045,50.916996,-1.3987137,E12000008,South East,Southampton,5.66,6.4,6.64,6.85,6.96,7.33,7.31,6.5300002,6.92,6.79,6.58,6.48,6.75,6.92,7.18,7.47,8.05,7.5,7.35,7.52,7.47,7.61,Matched (3)
IOW,England,South East,Isle of Wight,E06000046,50.67577,-1.2965662,E12000008,South East,Isle of Wight,6.01,6.38,7.68,7.49,7.73,7.78,7.33,6.9200001,7.85,7.12,6.89,7.07,6.97,7.27,7.52,7.65,8,8.03,7.72,9.48,8.99,9.5,Matched (3)
DUR,England,North East,County Durham,E06000047,54.695457,-1.8399128,E12000001,North East,County Durham,[x],3.32,4.25,4.77,5.28,5.11,5.12,4.6799998,4.84,4.38,4.2,4.36,4.46,4.45,4.44,4.44,4.44,4.39,4.25,4.8,4.21,4,Matched (3)
CHE,England,North West,Cheshire East,E06000049,53.180271,-2.3499424,E12000002,North West,Cheshire East,[x],5.33,6.01,5.92,6.38,6.62,6.63,5.98,6.73,6.43,6.34,6.33,6.5,6.9,7.02,7.5,7.78,7.46,7.42,8.62,7.82,7.56,Matched (3)
CHW,England,North West,Cheshire West and Chester,E06000050,53.200157,-2.7358563,E12000002,North West,Cheshire West and Chester,[x],4.79,5.63,6.03,6.42,6.3,6.25,5.5799999,5.72,5.97,5.86,5.89,6.07,6.37,6.42,6.7,6.65,6.46,6.72,7.39,7.09,6.95,Matched (3)
SHR,England,West Midlands,Shropshire,E06000051,52.634903,-2.7340529,E12000005,West Midlands,Shropshire,[x],6.37,6.96,7.21,7.7,7.54,7.59,6.6900001,6.78,6.78,6.86,6.21,6.9,7.14,7.12,7.72,7.78,7.39,7.64,8.72,7.85,7.75,Matched (3)
CON,England,South West,Cornwall,E06000052,50.405621,-4.8272123,E12000009,South West,Cornwall,[x],7.64,8.81,9.21,9.26,9.64,9.32,8.1300001,8.38,8.6,8.38,8.32,8.16,8.58,8.55,8.6,8.98,8.74,8.74,10.74,9.76,9.02,Matched (3)
IOS,England,South West,Isles of Scilly,E06000053,49.936932,-6.3171678,E12000009,South West,Isles of Scilly,[x],[x],[x],[x],[x],[x],[x],25.280001,[x],[x],[x],[x],[x],[x],[x],[x],[x],16.96,[x],[x],[x],[x],Matched (3)
WIL,England,South West,Wiltshire,E06000054,51.297115,-1.9446079,E12000009,South West,Wiltshire,6.32,7,7.22,7.7,7.83,8.01,7.86,7.0100002,7.82,7.63,7.97,7.69,7.89,8.32,9.05,8.92,9.22,9.2,8.82,9.85,9.49,9.21,Matched (3)
BDF,England,East of England,Bedford,E06000055,52.189182,-.47708243,E12000006,East of England,Bedford,5.19,6.21,6.16,6.72,7.04,6.66,6.34,6.3400002,6.36,6.91,6.67,6.43,7.13,8.1,8.05,8.76,9.41,8.93,8.25,9.83,9.55,8.8,Matched (3)
CBF,England,East of England,Central Bedfordshire,E06000056,52.00663,-.43629196,E12000006,East of England,Central Bedfordshire,[x],5.69,5.96,6.12,6.45,6.66,6.87,5.79,6.43,6.73,6.76,6.64,7.32,7.8,8.21,9.36,9.73,9.03,8.76,9.77,9.09,8.86,Matched (3)
NBL,England,North East,Northumberland,E06000057,55.241512,-2.0663445,E12000001,North East,Northumberland,[x],4.42,5.31,5.72,6.14,6.33,6.39,5.5900002,5.76,5.49,5.59,5.46,5.86,6.17,5.95,5.9,6.01,6.16,5.97,6.71,5.86,5.58,Matched (3)
BPC,England,South West,"Bournemouth, Christchurch and Poole",E06000058,50.747017,-1.8832767,E12000009,South West,"Bournemouth, Christchurch and Poole",[x],8.03,8.83,8.66,8.85,8.94,8.92,7.5799999,8.59,8.18,7.94,7.68,8.11,8.73,9.11,9.57,9.1,9.01,9.75,11.16,10.3,10.11,Matched (3)
DST,England,South West,Dorset Council,E06000059,50.806366,-2.3335559,E12000009,South West,Dorset,[x],8.7,9.71,9.53,9.54,10.16,10.28,8.75,9.69,9.28,9.19,8.84,9.35,9.33,10.11,10.68,10.31,9.85,9.57,11.13,11.04,10.25,Matched (3)
BUC,England,South East,Buckinghamshire,E06000060,51.784966,-.81157082,E12000008,South East,Buckinghamshire,6.54,7.44,7.96,8.32,8.54,8.75,8.53,7.5999999,8.33,8.17,8.37,8.75,9.38,9.89,10.72,10.98,10.96,11.04,11,12.32,11.58,11.39,Matched (3)
NNT,England,East Midlands,North Northamptonshire,E06000061,52.425491,-.62605405,E12000004,East Midlands,North Northamptonshire,[x],4.85,5.7,6.08,6.05,6.35,6.24,5.3899999,5.61,5.41,5.18,5.4,5.78,6.07,6.46,7.04,7.5,7.5,7.43,8.08,7.93,7.94,Matched (3)
WNT,England,East Midlands,West Northamptonshire,E06000062,52.22282,-1.036345,E12000004,East Midlands,West Northamptonshire,[x],5.51,6.09,6.06,6.28,6.46,6.31,5.75,6.34,6.06,6.15,5.92,6.61,6.98,7.74,8.36,8.48,8.03,8.15,9.08,8.5,8.47,Matched (3)
AYL,England,South East,Aylesbury Vale,E07000004,,,,,,,,,,,,,,,,,,,,,,,,,,,,Master only (1)
CHN,England,South East,Chiltern,E07000005,,,,,,,,,,,,,,,,,,,,,,,,,,,,Master only (1)
SBU,England,South East,South Bucks,E07000006,,,,,,,,,,,,,,,,,,,,,,,,,,,,Master only (1)
WYO,England,South East,Wycombe,E07000007,,,,,,,,,,,,,,,,,,,,,,,,,,,,Master only (1)
CAB,England,East of England,Cambridge,E07000008,52.199368,.13292341,E12000006,East of England,Cambridge,7.18,7.73,7.53,8.66,8.3,9.21,8.52,8.21,8.14,8.69,9.33,9.64,10.82,12.3,13.38,13.33,13.04,12.69,12.46,12.21,12.08,12.22,Matched (3)
ECA,England,East of England,East Cambridgeshire,E07000009,52.342918,.2947827,E12000006,East of England,East Cambridgeshire,6.13,6.64,6.66,7.75,7.04,7.41,7.55,6.2399998,6.56,6.44,6.61,7.07,7.48,7.82,8.85,9.08,9.5,9.01,9.29,10.01,9.82,9.2,Matched (3)
FEN,England,East of England,Fenland,E07000010,52.56284,.060771298,E12000006,East of England,Fenland,4.54,5.25,5.81,6.16,6.19,6.06,6.65,5.52,5.84,5.53,5.45,5.31,5.72,6,6.05,6.62,6.68,6.8,6.97,7.92,7.39,6.87,Matched (3)
HUN,England,East of England,Huntingdonshire,E07000011,52.373615,-.22077355,E12000006,East of England,Huntingdonshire,4.65,5.37,5.85,6.45,6.81,7.1,6.89,5.77,6.03,6.02,6.31,6.6,6.68,7.23,7.64,8.14,8.5,8.68,9.15,9.83,9.71,8.76,Matched (3)
SCA,England,East of England,South Cambridgeshire,E07000012,52.172791,.081300385,E12000006,East of England,South Cambridgeshire,7.54,7.72,7.88,7.66,7.81,8.16,7.73,6.8099999,7.13,7.58,7.42,7.14,7.76,9.66,9.48,10.3,9.74,9.11,9.81,10.14,10.62,10.09,Matched (3)
ALL,England,North West,Allerdale,E07000026,54.71109,-3.2472348,,,,,,,,,,,,,,,,,,,,,,,,,,Master only (1)
BAR,England,North West,Barrow-in-Furness,E07000027,54.126556,-3.2122853,,,,,,,,,,,,,,,,,,,,,,,,,,Master only (1)
CAR,England,North West,Carlisle,E07000028,54.970909,-2.8094394,,,,,,,,,,,,,,,,,,,,,,,,,,Master only (1)
COP,England,North West,Copeland,E07000029,54.413872,-3.3731232,,,,,,,,,,,,,,,,,,,,,,,,,,Master only (1)
EDN,England,North West,Eden,E07000030,54.612778,-2.6218212,,,,,,,,,,,,,,,,,,,,,,,,,,Master only (1)
SLA,England,North West,South Lakeland,E07000031,54.292694,-2.8500769,,,,,,,,,,,,,,,,,,,,,,,,,,Master only (1)
AMB,England,East Midlands,Amber Valley,E07000032,53.029236,-1.4666587,E12000004,East Midlands,Amber Valley,3.61,4.4,5.33,5.15,5.57,6.14,5.66,5.2199998,5.42,5.26,4.95,5.13,5.22,5.62,5.57,5.33,5.79,5.92,5.3,6.69,6.88,6.71,Matched (3)
BOS,England,East Midlands,Bolsover,E07000033,53.215626,-1.2773247,E12000004,East Midlands,Bolsover,2.82,3.56,4.15,4.84,4.77,4.78,5.16,4.2600002,4.5,4.37,3.78,4.18,4.55,4.98,4.87,5.3,5.16,5.2,5.08,6.1,6.11,6.34,Matched (3)
CHS,England,East Midlands,Chesterfield,E07000034,53.256279,-1.4012309,E12000004,East Midlands,Chesterfield,3.16,3.74,4.88,5.17,5.43,5.71,5.34,4.9299998,5.13,4.91,4.98,5.14,5.17,5.05,5.24,5.51,5.77,5.74,5.94,6.87,6.04,5.83,Matched (3)
DEB,England,East Midlands,Derbyshire Dales,E07000035,53.128151,-1.69368,E12000004,East Midlands,Derbyshire Dales,5,6.13,7.17,7.66,8.4,8.6,7.09,6.3099999,7.21,7.19,7.17,7.4,7.6,8.36,7.55,7.97,8.09,8.47,7.62,10.43,9.42,9.08,Matched (3)
ERE,England,East Midlands,Erewash,E07000036,52.93549,-1.3466959,E12000004,East Midlands,Erewash,3.54,4.39,4.98,5.42,5.42,5.44,5.16,4.6399999,4.99,4.88,4.6,4.4,4.8,5.11,5.09,5.4,5.61,5.48,5.69,6.17,6.22,6.2,Matched (3)
HIG,England,East Midlands,High Peak,E07000037,53.372952,-1.8739386,E12000004,East Midlands,High Peak,3.88,4.84,5.98,6.15,6.23,7,6.35,5.7399998,5.65,5.59,5.72,5.6,5.61,6.28,6.65,6.28,6.55,6.96,6.68,7.85,7.92,7.4,Matched (3)
NED,England,East Midlands,North East Derbyshire,E07000038,53.22583,-1.448288,E12000004,East Midlands,North East Derbyshire,3.78,4.67,5.78,6.07,6.33,6.36,6.05,5.7399998,5.49,5.64,5.73,5.49,5.84,5.92,5.93,6.6,6.25,6.5,7.1,7.56,7.47,7.07,Matched (3)
SDE,England,East Midlands,South Derbyshire,E07000039,52.830994,-1.5595453,E12000004,East Midlands,South Derbyshire,3.99,5.12,5.5,6.26,6.34,6.45,5.85,5.6999998,6.02,5.76,5.69,5.26,5.76,6.32,5.97,6.49,6.22,6.8,6.18,7.18,7.32,6.43,Matched (3)
EDE,England,South West,East Devon,E07000040,50.764423,-3.2242494,E12000009,South West,East Devon,7.56,8.92,9.04,9.53,9.13,10.08,10.31,9.0799999,9.86,9.69,9.81,8.68,9.22,9.44,8.65,9.87,10.04,9.37,9.64,10.41,9.83,9.83,Matched (3)
EXE,England,South West,Exeter,E07000041,50.721638,-3.5101802,E12000009,South West,Exeter,5.77,7.45,7.82,8.06,8.39,8.83,8.59,7.6900001,7.91,8.04,8.26,7.96,8.16,8.95,8.25,9.16,8.94,8.4,8.42,9.28,9.39,9.29,Matched (3)
MDE,England,South West,Mid Devon,E07000042,50.876263,-3.5564377,E12000009,South West,Mid Devon,6.08,7.3,7.82,8.12,8.42,9.3,9.59,7.8299999,8.34,8.26,7.87,8.05,8,8.09,8.2,8.01,8.4,8.47,9.31,9.66,10.02,8.82,Matched (3)
NDE,England,South West,North Devon,E07000043,51.069782,-3.9145687,E12000009,South West,North Devon,7.06,7.97,9.54,10.88,10.76,11.15,10.33,9.5699997,9.61,9.04,8.91,8.92,9.05,9.54,9.71,10.08,9.96,10.45,10.44,10.91,10.39,9.79,Matched (3)
SHA,England,South West,South Hams,E07000044,50.37402,-3.8229496,E12000009,South West,South Hams,6.77,8.24,9.09,9.54,9.32,9.18,9.51,8.3000002,9.59,9.61,8.89,9.75,8.85,9.78,10.41,10.34,10.64,10.28,10.58,11.17,12.17,11.34,Matched (3)
TEI,England,South West,Teignbridge,E07000045,50.606304,-3.6567602,E12000009,South West,Teignbridge,6.57,7.69,8.91,9.2,9.61,9.49,8.02,7.5100002,8.35,8.52,8.06,8.24,8.61,8.83,9.07,10.15,9.99,9.68,10.09,10.22,10.76,10.31,Matched (3)
TOR,England,South West,Torridge,E07000046,50.887367,-4.2507529,E12000009,South West,Torridge,6.41,7.62,9.16,9.87,9.54,9.27,8.9,8.29,9.35,8.71,8.11,8.07,7.84,8.34,8.61,8.4,9.12,8.94,8.35,9.83,9.39,9.56,Matched (3)
WDE,England,South West,West Devon,E07000047,50.65609,-4.0462174,E12000009,South West,West Devon,6.39,7.06,7.65,8.18,8.76,10.21,9.48,7.3800001,8.72,8.12,8.16,7.48,7.42,8.14,8.92,9.23,8.73,9.3,9.81,11.36,10.66,9.92,Matched (3)
CHC,England,,Christchurch,E07000048,,,,,,,,,,,,,,,,,,,,,,,,,,,,Master only (1)
EDO,England,,East Dorset,E07000049,,,,,,,,,,,,,,,,,,,,,,,,,,,,Master only (1)
NDO,England,,North Dorset,E07000050,,,,,,,,,,,,,,,,,,,,,,,,,,,,Master only (1)
PUR,England,,Purbeck,E07000051,,,,,,,,,,,,,,,,,,,,,,,,,,,,Master only (1)
WDO,England,,West Dorset,E07000052,,,,,,,,,,,,,,,,,,,,,,,,,,,,Master only (1)
WEY,England,South West,Weymouth and Portland,E07000053,,,,,,,,,,,,,,,,,,,,,,,,,,,,Master only (1)
EAS,England,South East,Eastbourne,E07000061,50.77623,.26622945,E12000008,South East,Eastbourne,5.51,6.65,7.43,7.34,8.08,7.57,8.47,6.9499998,7.03,7.45,7.38,7.18,6.83,7.34,8.64,8.58,8.07,8.27,7.89,9.61,8.99,7.86,Matched (3)
HAS,England,South East,Hastings,E07000062,50.869366,.57043332,E12000008,South East,Hastings,5.07,6.24,6.97,7.05,7.2,7.99,7.88,6.6300001,6.77,6.6,6.9,7.07,6.95,6.88,8.01,8.63,9.2,9.12,8.9,10.09,9.85,9.11,Matched (3)
LEE,England,South East,Lewes,E07000063,50.882114,.0050472082,E12000008,South East,Lewes,6.27,7.4,7.93,8.33,8.41,9.56,8.98,7.6700001,7.89,8.22,8.54,8.37,8.56,9.53,9.89,9.6,11.16,9.74,10.23,10.94,11.34,11.19,Matched (3)
ROH,England,South East,Rother,E07000064,50.951672,.5388853,E12000008,South East,Rother,6.38,7.72,8.62,8.36,8.36,8.33,8.53,7.1500001,8.26,8.46,8.81,8.83,9.14,9.45,10,9.27,10.33,9.96,10.63,11.61,11.6,11.64,Matched (3)
WEA,England,South East,Wealden,E07000065,50.967373,.19865389,E12000008,South East,Wealden,6.53,7.47,8.39,8.93,8.63,8.69,8.74,7.52,7.71,7.93,7.68,8.49,8.31,8.78,9.4,9.93,10.44,10.01,9.52,11.93,11.85,10.82,Matched (3)
BAI,England,East of England,Basildon,E07000066,51.590134,.46629384,E12000006,East of England,Basildon,4.49,5.59,6.14,6.57,6.65,6.88,6.85,6.2600002,6.52,6.34,6.46,6.24,6.76,7.7,8.51,9.38,9.49,9.01,9.42,10.46,10.4,9.65,Matched (3)
BRA,England,East of England,Braintree,E07000067,51.94183,.58993191,E12000006,East of England,Braintree,5.51,6.02,6.78,7,7.16,7.1,7.03,6.25,6.58,6.55,6.11,6.2,6.54,7.23,7.94,8.34,8.55,8.61,8.71,9.97,9.29,9.13,Matched (3)
BRW,England,East of England,Brentwood,E07000068,51.638634,.31075978,E12000006,East of England,Brentwood,6.06,6.89,6.5,7.12,6.93,7.25,6.9,6.9699998,7.2,6.7,7.49,6.88,7.52,8.15,9.3,9.76,10.83,9.75,10.11,13.68,10.88,9.81,Matched (3)
CAS,England,East of England,Castle Point,E07000069,51.536407,.59459376,E12000006,East of England,Castle Point,5.51,6.38,6.8,6.45,6.87,7.43,7.29,5.8800001,7.77,7.48,7.09,7.56,7.21,8.36,9.32,8.96,9.51,8.96,8.9,10.34,9.92,10.7,Matched (3)
CHL,England,East of England,Chelmsford,E07000070,51.72543,.48091596,E12000006,East of England,Chelmsford,5.56,6.74,6.91,6.94,7.22,7.66,7.65,6.8200002,7.35,7.05,6.9,7.48,7.99,8.49,9.43,10.39,11.2,10.9,10.14,10.34,10.9,10.9,Matched (3)
COL,England,East of England,Colchester,E07000071,51.87252,.86090231,E12000006,East of England,Colchester,4.81,6.07,6.73,6.5,6.65,6.65,6.65,6.4099998,6.54,6.46,6.63,6.83,6.72,7.36,7.92,8.34,8.8,8.78,8.46,9.88,8.84,9,Matched (3)
EPP,England,East of England,Epping Forest,E07000072,51.708878,.1486652,E12000006,East of England,Epping Forest,7.43,7.87,8.1,7.76,8.32,8.84,9.72,8.5699997,9.32,9.13,8.39,9.23,9.48,10.85,11.34,12.25,12.73,12.01,12.95,13.68,13.54,11.16,Matched (3)
HAR,England,East of England,Harlow,E07000073,51.768349,.10853945,E12000006,East of England,Harlow,5.43,6.29,6.89,7.28,7.15,6.83,7.37,7.0900002,6.58,6.95,7.07,7.18,7.45,8.65,9.45,10.18,10.16,10.29,10.48,11.19,10.99,10.29,Matched (3)
MAL,England,East of England,Maldon,E07000074,51.709461,.78377366,E12000006,East of England,Maldon,5.15,5.76,6.21,7.4,7.14,7.93,7.95,5.9000001,6.24,6.49,6.09,6.37,7.36,7.49,7.98,9.75,10.03,9.13,8.74,10.21,10.35,10.76,Matched (3)
ROC,England,East of England,Rochford,E07000075,51.59137,.80923134,E12000006,East of England,Rochford,5.29,6.51,6.49,7.5,7.06,7.08,7.6,6.5300002,7.62,7.05,7.12,7.12,7.97,8.74,8.56,9.28,8.88,8.95,9.81,9.54,10.56,9.24,Matched (3)
TEN,England,East of England,Tendring,E07000076,51.871311,1.1150187,E12000006,East of England,Tendring,5.18,6.12,7.27,7.06,7.24,7.68,6.97,6,6.13,6.23,6.03,5.97,6.33,6.76,7.17,7.98,8.42,8.28,8.35,8.98,8.88,8.41,Matched (3)
UTT,England,East of England,Uttlesford,E07000077,51.934601,.27980483,E12000006,East of England,Uttlesford,6.29,7.19,7.61,9.52,8.46,8.33,9.07,7.8800001,8.71,8.94,9.43,9.54,10.16,10.25,10.1,10.63,11.89,11.58,11.38,12.26,12.24,10.84,Matched (3)
CHT,England,South West,Cheltenham,E07000078,51.896999,-2.0740223,E12000009,South West,Cheltenham,5.54,6.02,7.16,7.06,6.89,7.17,7.21,6.1900001,7.17,7.22,7,6.78,7.4,7.55,8.28,8.68,8.91,8.13,8.01,9.09,7.83,9.03,Matched (3)
COT,England,South West,Cotswold,E07000079,51.816452,-1.8929522,E12000009,South West,Cotswold,8,9.14,9.69,10.39,9.99,9.87,10.96,9.8699999,11.81,10.86,10.17,10.44,10.77,11,11.51,11.01,10.94,11.43,11.25,13.34,12.61,12.14,Matched (3)
FOE,England,South West,Forest of Dean,E07000080,51.828423,-2.4900246,E12000009,South West,Forest of Dean,5.33,6.38,7.02,7.58,7.51,6.92,7.16,6.7199998,7.01,6.55,6.17,5.74,6.5,6.69,6.54,6.44,7.7,7.64,7.25,9.33,7.02,7.6,Matched (3)
GLO,England,South West,Gloucester,E07000081,51.849373,-2.2402647,E12000009,South West,Gloucester,4.53,5.75,6.31,6.41,6.81,7.11,6.67,5.5,6.29,6.03,6.13,5.81,6.27,6.57,6.61,6.91,6.98,7.02,7.64,8.18,7.93,7.78,Matched (3)
STO,England,South West,Stroud,E07000082,51.729263,-2.3001478,E12000009,South West,Stroud,6.02,6.78,7.51,7.69,7.48,8.29,7.33,6.9499998,7.24,7.21,6.91,7.08,7.61,8.03,8.69,8.99,9.47,9.43,8.7,10.44,9.46,9.44,Matched (3)
TEW,England,South West,Tewkesbury,E07000083,51.945614,-2.0874445,E12000009,South West,Tewkesbury,5.25,6.43,7.32,7,6.88,8.04,7.76,6.1399999,6.87,6.45,6.87,6.6,7.82,7.33,7.77,7.92,9.42,8.38,8.13,9.36,9.67,9.09,Matched (3)
BAN,England,South East,Basingstoke and Deane,E07000084,51.27346,-1.2009436,E12000008,South East,Basingstoke and Deane,5.74,6.94,7.09,7.41,7.37,7.59,7.55,6.75,7.15,7.1,7.18,7.07,7.16,7.74,8.21,8.96,9.54,8.47,8.71,9.12,8.96,8.72,Matched (3)
EHA,England,South East,East Hampshire,E07000085,51.074554,-.9551242,E12000008,South East,East Hampshire,6.32,7.02,8.15,8.47,7.98,8.35,8.32,7.8899999,8.49,8.78,8.35,8.52,9.87,10.51,10.61,10.3,10.27,10.5,10.33,11.97,12.36,11.35,Matched (3)
EAT,England,South East,Eastleigh,E07000086,50.933018,-1.3272007,E12000008,South East,Eastleigh,6.27,6.88,7.43,7.43,7.49,7.53,7.42,6.3200002,7.25,7.23,7.23,7.2,7.39,7.95,8.68,9.13,9.85,9.86,8.59,9.24,9.55,8.82,Matched (3)
FAR,England,South East,Fareham,E07000087,50.852646,-1.2246652,E12000008,South East,Fareham,6.2,6.87,7.59,7.58,7.43,7.87,7.65,6.6999998,7.24,7.07,7.31,7.59,7.49,8.05,8.65,9.04,9.13,8.53,9.04,8.62,9.12,8.97,Matched (3)
GOS,England,South East,Gosport,E07000088,50.805214,-1.1594623,E12000008,South East,Gosport,5.67,6.35,6.87,6.52,6.66,6.44,6,5.3099999,5.71,5.97,6.12,5.73,5.68,6.03,6.63,7.07,7.31,7.12,7.14,7.32,7.4,7.88,Matched (3)
HAT,England,South East,Hart,E07000089,51.284813,-.89747202,E12000008,South East,Hart,6.39,6.91,7.02,7.55,6.9,7.76,8.42,7.1999998,7.46,7.57,7.7,8.6,8.83,9.91,10.91,10.64,10.72,10.58,10.09,10.66,10.71,9.92,Matched (3)
HAA,England,South East,Havant,E07000090,50.83839,-.9893617,E12000008,South East,Havant,6.46,7.07,7.92,7.32,7.82,8.11,7.79,7.1700001,7.61,7.29,7.22,6.9,7.84,8.1,8.96,8.91,8.97,8.97,9.55,10.87,10.68,9.98,Matched (3)
NEW,England,South East,New Forest,E07000091,50.858501,-1.6247468,E12000008,South East,New Forest,7.15,8.33,8.74,9.93,9.82,9.9,9.65,8.54,8.87,8.88,8.65,8.5,8.74,10.04,10.05,10.31,10.78,10.5,10.07,11.9,12.3,10.73,Matched (3)
RUH,England,South East,Rushmoor,E07000092,51.273445,-.76748145,E12000008,South East,Rushmoor,6.03,6.4,6.44,7.01,6.62,7.2,7.59,6.5900002,6.98,7.45,7.45,7.25,7.71,8.76,9.55,10.18,9.09,9.35,8.46,9.27,9.31,9.84,Matched (3)
TES,England,South East,Test Valley,E07000093,51.128433,-1.5106534,E12000008,South East,Test Valley,6.74,7.62,8.08,7.89,8.25,8.9,9.44,7.9200001,8.64,8.94,8.41,8.15,8.36,8.16,8.7,8.55,9.2,9.06,8.96,10.09,9.56,9.39,Matched (3)
WIN,England,South East,Winchester,E07000094,51.028164,-1.2210742,E12000008,South East,Winchester,7.37,7.65,7.77,8.35,8.54,9.11,8.89,7.23,8.58,8.81,8.66,8.78,10.27,10.49,10.05,11.25,10.25,11.08,11.8,12.56,13.15,12.07,Matched (3)
BRX,England,East of England,Broxbourne,E07000095,51.725109,-.047375277,E12000006,East of England,Broxbourne,6.5,6.95,7.31,7.07,7.41,8,7.88,7.29,7.56,7.78,7.66,7.6,8.24,8.66,10.15,10.38,10.44,10.51,9.71,11.41,10.53,11.33,Matched (3)
DAC,England,East of England,Dacorum,E07000096,51.778183,-.54087698,E12000006,East of England,Dacorum,6.09,6.92,7.58,7.59,7.79,8.22,8.38,7.1799998,8.31,7.8,8.34,8.2,8.99,9.77,9.93,11.25,11.2,11.31,11.2,12.51,11.7,11.02,Matched (3)
HER,England,East of England,Hertsmere,E07000098,51.677284,-.28109664,E12000006,East of England,Hertsmere,6.64,7.93,8.05,8.3,8.45,9.2,9.4,8.2600002,10,9.93,10.06,10.78,13.09,13.22,14.23,14.29,13.75,12.56,13.1,15,16.59,14.57,Matched (3)
NHE,England,East of England,North Hertfordshire,E07000099,51.959095,-.19270264,E12000006,East of England,North Hertfordshire,5.54,6.78,7.22,7.04,7.45,7.74,7.22,6.4000001,6.93,6.96,6.76,6.65,7.37,8.1,8.97,9.3,9.63,9.06,9.23,10.35,9.57,9.33,Matched (3)
THE,England,East of England,Three Rivers,E07000102,51.660969,-.46059868,E12000006,East of England,Three Rivers,7.52,6.73,7.46,8.68,8.84,8.04,8.69,7.6100001,8.71,8.79,9.79,9.48,10.86,12.48,13.73,14.36,13.72,14.29,12.5,14.59,14.73,14.21,Matched (3)
WAT,England,East of England,Watford,E07000103,51.668083,-.40335199,E12000006,East of England,Watford,5.54,6.49,7.12,6.5,6.58,6.96,6.96,6.6199999,6.84,6.78,6.68,6.71,7.81,9.07,9.91,10.31,11.87,10.49,10.87,12.54,12.01,10.52,Matched (3)
ASF,England,South East,Ashford,E07000105,51.125294,.81129819,E12000008,South East,Ashford,5.84,6.88,7.14,7.49,7.64,8.44,7.85,6.9899998,7.64,6.82,6.78,7.32,8.31,8.25,8.74,9.1,9.44,8.92,9.93,11.05,10.48,10.66,Matched (3)
CAT,England,South East,Canterbury,E07000106,51.283226,1.1018039,E12000008,South East,Canterbury,6.28,6.84,7.34,6.94,7.31,8.56,7.91,6.48,7.64,6.64,7.29,6.92,7.45,7.47,9.29,8.78,9.63,8.67,10.37,11.33,10,10.34,Matched (3)
DAR,England,South East,Dartford,E07000107,51.431454,.25316778,E12000008,South East,Dartford,5.01,6.41,6.3,6.8,6.87,6.85,6.9,5.75,6.2,6.16,6.73,6.74,7.06,8.45,8.57,9.32,8.91,9.17,8.43,10.03,9.6,10.08,Matched (3)
DOV,England,South East,Dover,E07000108,51.21228,1.2892144,E12000008,South East,Dover,4.66,5.58,6.65,6.8,6.82,6.9,6.2,5.8099999,5.92,5.88,5.88,6.05,6.55,7.39,8.36,8.84,8.45,8.07,7.25,9.26,9.33,8.56,Matched (3)
GRA,England,South East,Gravesham,E07000109,51.405128,.39499417,E12000008,South East,Gravesham,4.93,5.92,6.44,6.38,5.9,6.91,6.91,5.8299999,6.02,6.03,6.24,6.54,7.09,7.73,8.6,9.66,9.52,8.95,10.08,10.58,10.37,9.01,Matched (3)
MAI,England,South East,Maidstone,E07000110,51.234997,.58055258,E12000008,South East,Maidstone,6.12,6.53,7.51,7.24,7.24,7.53,7.78,6.1300001,6.87,6.66,6.82,7.76,7.8,8.21,8.94,9.84,10.31,10.18,9.84,10.94,10.5,10.79,Matched (3)
SEV,England,South East,Sevenoaks,E07000111,51.27541,.17197232,E12000008,South East,Sevenoaks,7.35,8,8.04,8.58,8.62,8.15,8.16,7.8699999,7.96,8.69,9.37,9.52,9.66,11.39,11.65,11.56,13.1,10.54,11.16,11.63,13.76,11.28,Matched (3)
SHE,England,South East,Folkestone and Hythe,E07000112,51.05389,.99412411,E12000008,South East,Folkestone and Hythe,5.14,6.55,6.44,7.02,7.87,8.38,7.4,6.8800001,7.17,6.74,6.42,6.53,7.2,7.09,8.98,8.95,9.18,8.76,8.63,9.48,9.33,8.92,Matched (3)
SWL,England,South East,Swale,E07000113,51.341663,.8132109,E12000008,South East,Swale,4.76,5.38,5.78,6.15,6.57,6.59,6.47,5.5599999,5.94,5.32,5.53,5.89,6.24,6.42,7.93,7.89,7.94,7.99,7.82,9.18,8.73,8.15,Matched (3)
THA,England,South East,Thanet,E07000114,51.354527,1.3405527,E12000008,South East,Thanet,5.03,6.24,6.62,7.03,7.45,7,7.29,6.9400001,7.55,6.95,7.09,6.54,7.43,7.89,8.21,8.69,9.4,9.1,9.19,10.22,9.89,9.56,Matched (3)
TON,England,South East,Tonbridge and Malling,E07000115,51.273617,.35783714,E12000008,South East,Tonbridge and Malling,7.17,7.67,8.08,8.5,8.31,8.7,8.24,6.8000002,7.89,7.37,7.52,8.06,8.99,8.12,9.53,10.04,9.85,9.66,9.72,10.23,10.75,10.13,Matched (3)
TUN,England,South East,Tunbridge Wells,E07000116,51.114399,.43082467,E12000008,South East,Tunbridge Wells,6.16,7.28,7.84,8.19,8.34,8.92,7.75,6.98,8.08,7.22,7.3,7.26,7.52,8.54,11.17,11.48,10.31,10.18,9.05,12.22,12.93,11.88,Matched (3)
BUN,England,North West,Burnley,E07000117,53.778934,-2.2219453,E12000002,North West,Burnley,1.64,1.59,1.99,2.24,3,3.86,3.71,3.6099999,3.54,3.49,3.31,3.12,3.77,3.45,3.69,3.7,3.63,3.31,3.95,4.39,4.39,3.39,Matched (3)
CHO,England,North West,Chorley,E07000118,53.661484,-2.6478813,E12000002,North West,Chorley,3.78,4.47,5.82,5.99,6.08,6.1,5.95,5.73,6.21,6.06,5.83,6.28,6.16,6.25,5.93,6.26,5.47,5.47,5.78,5.77,5.72,6.24,Matched (3)
FYL,England,North West,Fylde,E07000119,53.784103,-2.9221346,E12000002,North West,Fylde,3.91,4.79,5.92,6.18,7.17,6.75,6.1,5.8200002,5.86,5.46,5.6,5.72,5.4,7.22,7.04,6.56,6.06,6.31,6.28,7.37,7.1,6.15,Matched (3)
HYN,England,North West,Hyndburn,E07000120,53.758648,-2.3897831,E12000002,North West,Hyndburn,2.4,2.4,3.42,3.9,4.55,5.02,5.05,4,3.92,3.73,4.22,4.13,3.97,4.01,4.25,4.03,4.42,4.07,4.43,4.46,4.67,3.92,Matched (3)
LAC,England,North West,Lancaster,E07000121,54.068993,-2.7147441,E12000002,North West,Lancaster,2.94,3.84,4.71,5.35,5.5,5.26,5.37,4.8699999,5.26,4.78,5.27,4.55,4.9,5.31,5.45,5.46,5.72,5.5,5.5,5.81,5.85,6.04,Matched (3)
PEN,England,North West,Pendle,E07000122,53.865494,-2.1849303,E12000002,North West,Pendle,2.18,2.29,2.96,3.2,3.9,4.55,4.31,3.98,3.92,3.77,3.75,3.75,3.69,3.7,3.95,4.04,3.85,4.07,4.58,5.78,4.99,5.03,Matched (3)
PRE,England,North West,Preston,E07000123,53.811794,-2.6976516,E12000002,North West,Preston,3.01,3.35,4.67,5.45,6.24,5.87,5.58,4.96,5.41,5.12,5.41,5.42,5.45,5.38,5.26,5.77,5.56,5.56,5.69,6.19,5.88,4.76,Matched (3)
RIB,England,North West,Ribble Valley,E07000124,53.907223,-2.4447575,E12000002,North West,Ribble Valley,4.05,5.46,6.59,6.62,7.68,7.38,7.32,6.4899998,7.25,7.08,6.79,6.78,6.66,7.16,7.37,7.69,6.98,7.08,7.01,7.64,7.35,6.5,Matched (3)
ROS,England,North West,Rossendale,E07000125,53.693817,-2.2672994,E12000002,North West,Rossendale,2.94,3.37,4.13,4.71,4.76,5.37,4.83,4.7199998,5.11,4.5,4.39,4.88,5.12,5.15,5.12,5.56,5.2,5.17,5.25,5.86,5.61,5.56,Matched (3)
SRI,England,North West,South Ribble,E07000126,53.72813,-2.7101951,E12000002,North West,South Ribble,3.58,4.48,5.77,5.99,5.92,6.1,5.58,5.4400001,5.71,5.63,5.42,5.43,5.72,5.87,5.77,5.79,5.88,5.93,5.91,6.72,6.21,6.02,Matched (3)
WLA,England,North West,West Lancashire,E07000127,53.609547,-2.8824422,E12000002,North West,West Lancashire,4.09,4.88,5.88,6.07,6.23,6.4,6.45,6.48,6.48,5.89,6.32,6.25,6.59,6.45,6.48,6.33,6.19,6.8,6.42,7.74,6.89,6.48,Matched (3)
WYR,England,North West,Wyre,E07000128,53.902946,-2.853878,E12000002,North West,Wyre,3.91,4.46,5.36,5.91,6.17,7.51,6.44,6.48,6.38,5.91,4.98,5.27,5.49,5.13,5.89,5.93,6.15,5.85,6.12,6.3,5.73,5.61,Matched (3)
BLA,England,East Midlands,Blaby,E07000129,52.571507,-1.2219619,E12000004,East Midlands,Blaby,4.45,5.48,6.03,5.94,6.54,6.79,6.13,5.1300001,5.41,5.7,5.74,5.64,5.97,6.41,6.35,6.76,7.26,7.13,6.44,8.61,8.16,8.04,Matched (3)
CHA,England,East Midlands,Charnwood,E07000130,52.737007,-1.1461358,E12000004,East Midlands,Charnwood,4.34,5.82,6.44,6.39,6.14,6.72,6.28,5.6399999,5.94,6.09,6.18,5.93,6.23,6.34,6.61,7.33,7.08,7.04,7.51,8.65,8.08,7.78,Matched (3)
HAO,England,East Midlands,Harborough,E07000131,52.53931,-1.0081235,E12000004,East Midlands,Harborough,5.12,6.27,7.09,7.09,7.47,7.74,7.08,6.4699998,6.98,6.18,6.02,6.47,7.17,7.67,7.26,7.2,7.71,8.41,8.03,8.95,9.48,9.25,Matched (3)
HIN,England,East Midlands,Hinckley and Bosworth,E07000132,52.616482,-1.3910551,E12000004,East Midlands,Hinckley and Bosworth,4.41,5.53,5.84,5.97,6.08,6.65,6.26,5.5700002,6.16,5.82,5.76,5.87,6.5,6.71,6.63,6.85,6.97,6.96,7.1,7.64,8.09,7.46,Matched (3)
MEL,England,East Midlands,Melton,E07000133,52.796383,-.85621858,E12000004,East Midlands,Melton,5.19,5.21,5.86,5.96,6.66,6.53,6.36,5.6999998,6.3,6.67,6.89,6.95,6.91,6.82,7.26,7.27,7.56,8.47,7.95,11.19,7.96,8.38,Matched (3)
NWL,England,East Midlands,North West Leicestershire,E07000134,52.753117,-1.4051226,E12000004,East Midlands,North West Leicestershire,4.58,5.45,6.11,6.34,6.35,6.6,5.94,5.4400001,5.99,5.86,5.57,5.98,6.21,6.86,6.93,7.13,7.03,6.91,7.55,7.97,7.3,7.39,Matched (3)
OAD,England,East Midlands,Oadby and Wigston,E07000135,52.587135,-1.0934073,E12000004,East Midlands,Oadby and Wigston,4.34,5.9,6.82,6.8,6.71,7.52,6.4,5.4000001,5.79,5.64,5.84,6.17,6.67,7.8,7.38,7.14,7.49,7.95,6.9,9.75,8.71,9.37,Matched (3)
BOT,England,East Midlands,Boston,E07000136,52.974159,-.022346841,E12000004,East Midlands,Boston,3.96,4.73,6.02,6.46,6.29,6.08,6.2,5.79,5.84,5.87,6,5.83,6.23,6.63,6.48,6.97,7.21,7.35,7,7.52,7.59,6.5,Matched (3)
ELI,England,East Midlands,East Lindsey,E07000137,53.249352,.030333888,E12000004,East Midlands,East Lindsey,4.44,5.45,6.98,6.83,6.98,7.29,6.94,5.9200001,6.35,6.03,5.6,5.34,5.65,6.01,5.92,6.54,6.43,6.7,6.76,7.69,7.27,7.15,Matched (3)
LIC,England,East Midlands,City of Lincoln,E07000138,53.224728,-.55495286,E12000004,East Midlands,Lincoln,3.34,4.68,5.25,5.51,5.98,6.05,5.88,5.0500002,4.89,5.24,5.17,4.97,5.18,5.66,5.52,6.17,5.9,5.79,5.53,6.76,5.66,5.73,Matched (3)
NKE,England,East Midlands,North Kesteven,E07000139,53.081081,-.44592595,E12000004,East Midlands,North Kesteven,4.9,6.43,7.1,7.1,7.06,7.54,7.23,6.0900002,6.55,6.54,6.11,5.79,6,6.22,6.71,6.67,6.2,7.12,6.51,7.37,8.05,7.3,Matched (3)
SHO,England,East Midlands,South Holland,E07000140,52.797558,-.032290794,E12000004,East Midlands,South Holland,4.31,5.22,6.55,6.55,6.57,7.25,6.68,5.6199999,5.75,5.69,5.53,5.64,5.94,6.42,6.33,6.82,7.1,6.9,6.38,7.14,7.67,7.23,Matched (3)
SKE,England,East Midlands,South Kesteven,E07000141,52.85429,-.51784259,E12000004,East Midlands,South Kesteven,4.59,5.66,6.53,6.6,6.59,6.81,6.63,5.9400001,6.28,5.83,5.77,5.73,6.37,6.99,7.5,7.37,7.93,7.48,8.02,8.41,7.83,7.91,Matched (3)
WLI,England,East Midlands,West Lindsey,E07000142,53.392754,-.47711465,E12000004,East Midlands,West Lindsey,3.51,4.19,5.98,6.34,6.21,6.75,6.6,5.48,5.54,5.74,5.34,5.13,6.45,6.03,5.89,5.9,5.97,5.97,6.11,7.08,6.46,6.55,Matched (3)
BRE,England,East of England,Breckland,E07000143,52.587929,.8372758,E12000006,East of England,Breckland,5.16,6.32,7.21,7.08,7.44,8.28,7.48,6.9699998,7.33,6.85,6.55,6.83,7.2,7.56,8.05,8.68,8.58,8.32,8.46,9.37,8.83,8.33,Matched (3)
BRO,England,East of England,Broadland,E07000144,52.701195,1.3106173,E12000006,East of England,Broadland,5.86,7.15,7.37,7.67,7.62,8.31,8.09,6.6399999,6.83,6.33,6.11,6.36,7.19,7.73,7.99,8.7,8.46,8.3,7.98,9.5,9.36,9.04,Matched (3)
GRY,England,East of England,Great Yarmouth,E07000145,52.640713,1.6613933,E12000006,East of England,Great Yarmouth,4.04,4.72,6,6.45,6.24,6.8,6.04,6.0300002,6.31,5.88,5.73,5.8,5.67,6.16,6.23,6.76,6.83,6.94,6.67,7.69,7.02,6.85,Matched (3)
KIN,England,East of England,Kings Lynn and West Norfolk,E07000146,52.726662,.4704628,E12000006,East of England,King's Lynn and West Norfolk,4.88,6.08,6.99,7.41,7.41,7.27,7.04,6.3699999,6.95,6.45,6.17,6.54,6.3,6.76,6.91,7.89,7.72,8.02,7.23,9.07,9.07,8.46,Matched (3)
NNO,England,East of England,North Norfolk,E07000147,52.850479,1.1698329,E12000006,East of England,North Norfolk,6.01,7.02,7.63,8.97,9.55,9.08,8.68,7.4899998,8.51,7.8,8.44,8.25,7.75,8.37,9.46,9.6,10.03,9.72,9.55,10.53,10.45,10.83,Matched (3)
NOW,England,East of England,Norwich,E07000148,52.631828,1.2828006,E12000006,East of England,Norwich,4.73,5.75,6.32,6.41,6.29,7.19,6.74,5.71,6.05,5.91,6.26,6.15,6.92,6.93,6.8,7.2,7.55,7.16,7.1,7.54,7.2,7.03,Matched (3)
SNO,England,East of England,South Norfolk,E07000149,52.514572,1.2759972,E12000006,East of England,South Norfolk,5.84,6.86,7.35,7.23,7.92,7.99,7.53,6.5500002,6.65,6.56,6.41,6.92,7,6.98,7.52,8.91,8.12,8.55,8.58,9.13,9.45,8.84,Matched (3)
COR,England,East Midlands,Corby,E07000150,,,,,,,,,,,,,,,,,,,,,,,,,,,,Master only (1)
DAV,England,East Midlands,Daventry,E07000151,,,,,,,,,,,,,,,,,,,,,,,,,,,,Master only (1)
ENO,England,East Midlands,East Northamptonshire,E07000152,,,,,,,,,,,,,,,,,,,,,,,,,,,,Master only (1)
KET,England,,Kettering,E07000153,,,,,,,,,,,,,,,,,,,,,,,,,,,,Master only (1)
NOR,England,East Midlands,Northampton,E07000154,,,,,,,,,,,,,,,,,,,,,,,,,,,,Master only (1)
SNR,England,East Midlands,South Northamptonshire,E07000155,,,,,,,,,,,,,,,,,,,,,,,,,,,,Master only (1)
WEL,England,East Midlands,Wellingborough,E07000156,,,,,,,,,,,,,,,,,,,,,,,,,,,,Master only (1)
CRA,England,Yorkshire and The Humber,Craven,E07000163,54.079826,-2.1742511,,,,,,,,,,,,,,,,,,,,,,,,,,Master only (1)
HAE,England,Yorkshire and The Humber,Hambleton,E07000164,54.286777,-1.3190888,,,,,,,,,,,,,,,,,,,,,,,,,,Master only (1)
HAG,England,Yorkshire and The Humber,Harrogate,E07000165,54.067101,-1.5955393,,,,,,,,,,,,,,,,,,,,,,,,,,Master only (1)
RIH,England,Yorkshire and The Humber,Richmondshire,E07000166,54.361542,-1.934327,,,,,,,,,,,,,,,,,,,,,,,,,,Master only (1)
RYE,England,Yorkshire and The Humber,Ryedale,E07000167,54.210491,-.85200745,,,,,,,,,,,,,,,,,,,,,,,,,,Master only (1)
SCE,England,Yorkshire and The Humber,Scarborough,E07000168,54.366486,-.63497108,,,,,,,,,,,,,,,,,,,,,,,,,,Master only (1)
SEL,England,Yorkshire and The Humber,Selby,E07000169,53.787052,-1.1346805,,,,,,,,,,,,,,,,,,,,,,,,,,Master only (1)
ASH,England,East Midlands,Ashfield,E07000170,53.092258,-1.2591513,E12000004,East Midlands,Ashfield,3.36,4.04,4.8,5.14,5.37,6,5.58,4.54,5.02,5.28,5.23,5.07,5.15,5.23,5.36,5.6,5.6,5.56,5.48,6.29,6,6.04,Matched (3)
BAE,England,East Midlands,Bassetlaw,E07000171,53.332771,-.9589166,E12000004,East Midlands,Bassetlaw,3.62,4.2,4.97,5.56,5.46,5.45,5.16,4.77,5.14,5.27,4.98,4.95,4.91,5.16,5.14,5.62,5.38,5.67,5.98,7.42,6.79,5.95,Matched (3)
BRT,England,East Midlands,Broxtowe,E07000172,52.976421,-1.2620949,E12000004,East Midlands,Broxtowe,4.03,4.93,5.67,6.2,5.86,6.07,5.25,4.98,5.17,5.31,4.92,5.05,4.92,5.07,5.22,5.52,5.99,5.84,6.06,6.8,7.52,7.14,Matched (3)
GED,England,East Midlands,Gedling,E07000173,53.028374,-1.11931,E12000004,East Midlands,Gedling,4.01,4.95,5.68,5.61,6.09,5.5,5.2,4.9899998,5.78,5.27,4.95,4.93,5.38,5.53,5.51,5.96,6.11,6.17,6.49,7.26,7.73,6.93,Matched (3)
MAS,England,East Midlands,Mansfield,E07000174,53.170715,-1.172787,E12000004,East Midlands,Mansfield,3.08,3.78,4.79,5.12,5.31,5.2,5.06,4.7199998,4.99,5.31,4.92,5.12,5.24,5.22,5.64,5.43,5.77,6,5.96,6.43,6.21,6.09,Matched (3)
NEA,England,East Midlands,Newark and Sherwood,E07000175,53.123951,-.91974425,E12000004,East Midlands,Newark and Sherwood,4.21,5.66,6.44,6.18,5.89,6.72,6.54,5.6199999,6.3,6.06,6.1,6.23,6.22,6.22,6.33,6.86,6.53,7.04,6.03,7.3,6.83,6.61,Matched (3)
RUS,England,East Midlands,Rushcliffe,E07000176,52.900848,-1.0377351,E12000004,East Midlands,Rushcliffe,4.74,5.72,6.21,6.46,6.4,6.8,6.06,5.4200001,5.93,5.91,5.88,6,6.38,7.19,7.12,7.26,7.72,7.93,8.22,8.85,9.1,8.68,Matched (3)
CHR,England,South East,Cherwell,E07000177,51.958782,-1.2755952,E12000008,South East,Cherwell,5.74,7.08,7.49,7.3,7.63,8.14,7.74,6.6300001,6.81,7.53,7.53,8.09,8.57,8.75,9.46,9.6,9.83,10.16,9.18,9.85,9.84,9.41,Matched (3)
OXO,England,South East,Oxford,E07000178,51.754585,-1.240963,E12000008,South East,Oxford,8.65,9.29,9.2,9.64,9.28,9.88,10.19,8.8699999,9.43,9.21,10.04,10.39,10.2,11.14,12.44,12.17,11.66,12.36,11.75,12.46,12.24,12.1,Matched (3)
SOX,England,South East,South Oxfordshire,E07000179,51.633751,-1.0714083,E12000008,South East,South Oxfordshire,6.76,7.28,7.81,8.21,8.81,8.73,8.33,8.4700003,8.69,8.43,9.21,8.78,8.88,10.19,10.36,10.34,10.32,10.02,10.23,11.99,11.22,10.81,Matched (3)
VAL,England,South East,Vale of White Horse,E07000180,51.634232,-1.4416685,E12000008,South East,Vale of White Horse,7.1,7.59,7.91,7.75,7.81,8.04,7.92,7.27,7.84,7.88,7.98,7.91,8.56,9.36,9.73,9.71,9.48,8.96,9.27,10.66,9.99,10.18,Matched (3)
WOX,England,South East,West Oxfordshire,E07000181,51.83757,-1.5069302,E12000008,South East,West Oxfordshire,6.67,7.76,8.15,8.09,8.6,8.82,8.56,7.4200001,7.49,8.03,7.95,8.31,8.34,8.79,9.76,10.62,9.75,9.83,10.44,11.6,10.91,10.46,Matched (3)
MEN,England,South West,Mendip,E07000187,51.202911,-2.5446553,,,,,,,,,,,,,,,,,,,,,,,,,,Master only (1)
SEG,England,South West,Sedgemoor,E07000188,51.184475,-2.9528577,,,,,,,,,,,,,,,,,,,,,,,,,,Master only (1)
SSO,England,South West,South Somerset,E07000189,50.988148,-2.7098904,,,,,,,,,,,,,,,,,,,,,,,,,,Master only (1)
TAU,England,,Taunton Deane,E07000190,,,,,,,,,,,,,,,,,,,,,,,,,,,,Master only (1)
WSO,England,,West Somerset,E07000191,,,,,,,,,,,,,,,,,,,,,,,,,,,,Master only (1)
CAN,England,West Midlands,Cannock Chase,E07000192,52.712383,-1.9802319,E12000005,West Midlands,Cannock Chase,3.94,4.69,5.61,5.54,5.41,5.82,5.29,5.27,5.33,5.22,5.47,5.09,5.4,5.07,5.55,5.74,6.12,6.11,6.58,6.81,7.33,6.75,Matched (3)
EST,England,West Midlands,East Staffordshire,E07000193,52.86327,-1.8121412,E12000005,West Midlands,East Staffordshire,4.02,4.71,5.29,5.66,5.8,6.49,5.9,5.6500001,6.21,5.63,5.51,5.42,5.83,6.33,5.98,6.47,6.9,7.01,6.78,7.84,6.66,6.7,Matched (3)
LIF,England,West Midlands,Lichfield,E07000194,52.688168,-1.8049153,E12000005,West Midlands,Lichfield,5.1,6.32,6.75,7.18,7,7.84,7.43,6.0700002,6.5,6.44,6.11,6,6.49,6.36,6.62,7.41,7.37,7.43,7.01,7.99,8.2,7.41,Matched (3)
NEC,England,West Midlands,Newcastle-under-Lyme,E07000195,52.993122,-2.3188748,E12000005,West Midlands,Newcastle-under-Lyme,3.53,3.98,4.89,5.2,5.72,5.29,5.38,5.2399998,5.31,5.36,5.48,5.05,5.35,5.4,5.22,5.25,5.43,5.64,5.23,5.54,5.83,5.52,Matched (3)
SST,England,West Midlands,South Staffordshire,E07000196,52.625397,-2.1768091,E12000005,West Midlands,South Staffordshire,5.3,6.27,6.92,6.55,6.75,7.34,6.8,6.7199998,6.68,6.47,6.5,6.24,6.74,6.6,6.86,7.02,6.95,6.9,6.49,8.07,7.93,7.35,Matched (3)
STA,England,West Midlands,Stafford,E07000197,52.848152,-2.1764967,E12000005,West Midlands,Stafford,4.31,5.91,6.29,6.61,6.61,6.8,6.58,6.1599998,6.32,6.19,5.7,5.61,5.87,6.14,6.43,6.82,6.82,6.82,6.92,7.5,6.96,6.6,Matched (3)
STF,England,West Midlands,Staffordshire Moorlands,E07000198,53.079315,-1.981254,E12000005,West Midlands,Staffordshire Moorlands,3.67,4.32,6.23,5.64,5.69,6.03,5.54,5.3099999,5.36,5.46,5.18,5.16,5.09,5.57,5.64,5.74,6.02,5.53,6.08,6.39,6.42,5.54,Matched (3)
TAW,England,West Midlands,Tamworth,E07000199,52.626427,-1.6778454,E12000005,West Midlands,Tamworth,4.07,4.37,5.36,5.4,5.88,5.9,5.11,4.9899998,5.42,5.28,4.94,5.46,6.06,6.2,6.44,6.85,6.91,7.29,8.4,8.17,6.97,6.88,Matched (3)
BAB,England,East of England,Babergh,E07000200,52.050629,.91531539,E12000006,East of England,Babergh,5.92,6.71,7.35,7.96,7.74,8.71,8.49,6.71,7.31,6.66,7.54,7.54,7.76,8.11,8.78,8.61,9.28,8.87,8.96,10.67,10.62,10.72,Matched (3)
FOR,England,,Forest Heath,E07000201,,,,,,,,,,,,,,,,,,,,,,,,,,,,Master only (1)
IPS,England,East of England,Ipswich,E07000202,52.055878,1.1597791,E12000006,East of England,Ipswich,4.69,5.13,6.06,6.48,6.02,6.33,6.17,5.3099999,5.44,5.66,5.57,5.64,5.75,6.08,6.15,6.84,7.05,7.05,7.31,7.97,7.88,7.31,Matched (3)
MSU,England,East of England,Mid Suffolk,E07000203,52.246822,1.0924171,E12000006,East of England,Mid Suffolk,5.96,6.45,7.4,7.63,7.44,7.77,7.43,6.7399998,7.68,7.16,7.45,6.54,6.94,7.05,8.38,9.83,9.64,8.82,8.64,10,9.53,8.93,Matched (3)
SED,England,,St Edmundsbury,E07000204,,,,,,,,,,,,,,,,,,,,,,,,,,,,Master only (1)
SUF,England,,Suffolk Coastal,E07000205,,,,,,,,,,,,,,,,,,,,,,,,,,,,Master only (1)
WAV,England,,Waveney,E07000206,,,,,,,,,,,,,,,,,,,,,,,,,,,,Master only (1)
ELM,England,South East,Elmbridge,E07000207,51.357132,-.39217252,E12000008,South East,Elmbridge,8.35,8.46,8.58,8.28,8.49,8.79,9.7,9.6499996,11.14,9.64,10.18,11.43,12.02,12.89,13.86,14.92,13.47,13.41,14.38,14.62,16.14,13.36,Matched (3)
EPS,England,South East,Epsom and Ewell,E07000208,51.339169,-.26144844,E12000008,South East,Epsom and Ewell,8.13,8.23,8.55,8.79,9.45,10.05,8.41,7.79,9.41,8.42,8.77,9.31,10.39,11.46,12.98,13.07,13.17,12.49,13,14.59,13.37,13.03,Matched (3)
GRT,England,South East,Guildford,E07000209,51.247799,-.56164557,E12000008,South East,Guildford,7.08,7.39,8.21,8.16,8.26,9.41,9.05,7.04,8.58,8.93,8.64,8.97,10.35,10.9,11.75,11.74,11.87,11.21,11.13,12.09,11.69,12.7,Matched (3)
MOL,England,South East,Mole Valley,E07000210,51.212265,-.32511598,E12000008,South East,Mole Valley,7.79,8.32,8.51,8.9,9.37,9.38,10.95,9.5100002,9.37,10.89,11.08,11.35,11.76,13.57,14.18,14.42,15.29,14.89,16.79,15.43,14.59,14.7,Matched (3)
REI,England,South East,Reigate and Banstead,E07000211,51.253201,-.1918537,E12000008,South East,Reigate and Banstead,6.87,7.57,8.02,8.14,8.05,7.9,7.61,7.0799999,7.94,7.91,7.3,7.89,8.8,9.92,11.68,11.59,10.83,10.69,10.63,12.08,11.21,11.48,Matched (3)
RUN,England,South East,Runnymede,E07000212,51.393787,-.54131031,E12000008,South East,Runnymede,7.34,7.83,8.33,7.96,8.04,8.95,8.7,7.8299999,7.54,8.46,7.97,8.3,9.9,10.55,11.87,12.15,12.61,10.03,12.17,12.02,11.94,10.39,Matched (3)
SPE,England,South East,Spelthorne,E07000213,51.424801,-.46798354,E12000008,South East,Spelthorne,6.59,6.83,7,6.97,7.51,7.57,7.7,7.4299998,7.63,7.49,7.59,7.57,8.5,9.39,10.43,11.2,11,11.51,11.51,10.94,11.49,11.09,Matched (3)
SUR,England,South East,Surrey Heath,E07000214,51.34293,-.67054856,E12000008,South East,Surrey Heath,6.86,7.62,7.68,7.4,7.62,7.63,7.87,7.4899998,7.81,8.21,8.2,8.15,8.81,10.09,10.3,10.17,10.34,11.25,11,10.53,10.2,10.25,Matched (3)
TAN,England,South East,Tandridge,E07000215,51.227032,-.043406639,E12000008,South East,Tandridge,7.07,7.73,9.19,8.89,9.13,8.82,9.69,8.6000004,9.82,10.48,9.3,9.64,10.53,11.85,11.46,12.35,11.59,11.81,11.7,12.52,12.69,12,Matched (3)
WAE,England,South East,Waverley,E07000216,51.14983,-.63266617,E12000008,South East,Waverley,7.37,8.53,9.07,8.21,8.85,8.59,8.79,8.25,8.63,9.66,8.93,9.88,9.37,10.37,10.57,11.24,11.76,11.41,11.66,12.9,11.86,12.32,Matched (3)
WOI,England,South East,Woking,E07000217,51.313877,-.56077009,E12000008,South East,Woking,6.7,7.08,7.97,8.13,8.6,8.59,8.6,8.1800003,8.66,8.38,7.61,8.32,9.14,10.7,10.7,11.07,11.09,10.83,9.94,11.81,11.66,11.22,Matched (3)
NWA,England,West Midlands,North Warwickshire,E07000218,52.547482,-1.6280546,E12000005,West Midlands,North Warwickshire,4.68,5.29,6.11,5.94,6.41,5.88,5.89,5.7800002,6.18,5.37,5.62,5.55,6.21,6.37,6.17,6.36,6.55,6.45,7.17,8.16,7.42,6.45,Matched (3)
NUN,England,West Midlands,Nuneaton and Bedworth,E07000219,52.501129,-1.4758714,E12000005,West Midlands,Nuneaton and Bedworth,3.9,4.45,5.1,5.51,5.28,5.4,5.16,4.9099998,5.2,4.97,5.04,4.9,5.31,5.53,5.99,5.81,6.5,6.59,6.61,7.28,7.59,7.41,Matched (3)
RUG,England,West Midlands,Rugby,E07000220,52.384361,-1.3282943,E12000005,West Midlands,Rugby,4.91,5.16,6.08,5.98,6.01,6.21,6.2,5.4400001,5.57,5.72,5.46,5.56,6.13,6.13,6.81,6.84,7.38,7.74,7.71,8.15,7.79,7.64,Matched (3)
STR,England,West Midlands,Stratford-on-Avon,E07000221,52.178787,-1.622839,E12000005,West Midlands,Stratford-on-Avon,6.39,7.35,7.59,7.95,7.96,8.17,7.6,7.5500002,8.78,8.36,8.63,8.18,8.92,9.42,9.25,9.37,9.88,9.61,9.44,10.11,9.47,10.05,Matched (3)
WAW,England,West Midlands,Warwick,E07000222,52.310001,-1.5846651,E12000005,West Midlands,Warwick,5.86,7.09,6.76,6.97,7.33,7.67,7.44,6.5599999,7.68,7.16,7.22,7.4,8.18,8.28,8.73,8.66,8.97,9.21,8.8,9.24,9.29,8.49,Matched (3)
ADU,England,South East,Adur,E07000223,50.84444,-.29853079,E12000008,South East,Adur,6.11,7.17,8.01,9.1,8.62,9.57,9.76,8.6400003,9.44,9.61,9.04,9.72,9.87,10.31,11.56,12.23,11.39,11.19,10.41,12.68,11.59,11.52,Matched (3)
ARU,England,South East,Arun,E07000224,50.840874,-.56818849,E12000008,South East,Arun,7.27,8.56,8.07,8.77,8.64,9.56,8.44,7.9400001,8.71,8.9,8.71,8.62,9.09,9.62,10.15,10.36,10.21,11.06,10.04,11.29,11.87,11.99,Matched (3)
CHI,England,South East,Chichester,E07000225,50.937424,-.74226373,E12000008,South East,Chichester,6.16,7.75,10.4,9.65,9.41,10.3,10.42,8.96,9.94,9.5,9.47,10.29,11.22,11.11,11.08,11.57,11.8,10.5,12.69,13.45,12.52,12.08,Matched (3)
CRW,England,South East,Crawley,E07000226,51.125469,-.18203463,E12000008,South East,Crawley,5.99,6.49,6.64,7.23,6.7,7.92,7.63,6.6999998,6.76,6.87,6.83,7.16,7.93,8.63,8.96,10,10.51,9.87,9.37,9.92,9.8,10.03,Matched (3)
HOR,England,South East,Horsham,E07000227,50.993759,-.36633274,E12000008,South East,Horsham,7.21,7.77,8.35,8.26,8.29,8.21,7.92,7.5599999,8.56,7.98,8.84,8.79,9.89,10.23,10.62,11.24,11.14,10.93,11.67,12.18,11.98,12.06,Matched (3)
MSS,England,South East,Mid Sussex,E07000228,51.020844,-.12705176,E12000008,South East,Mid Sussex,6.84,8.01,8.46,8.12,8.72,8.8,8.52,7.7199998,8.17,8.37,8.31,8.87,9.48,9.93,10.58,10.71,10.25,10.73,10.21,11.7,12.12,10.78,Matched (3)
WOT,England,South East,Worthing,E07000229,50.829205,-.395812,E12000008,South East,Worthing,5.44,6.53,7.27,8.05,7.96,8.34,7.66,6.8899999,7.73,7.41,7.7,7.7,8.3,9.04,9.21,10.57,10.32,9.64,9.87,10.79,11.14,10.58,Matched (3)
BRM,England,West Midlands,Bromsgrove,E07000234,52.361752,-2.0160151,E12000005,West Midlands,Bromsgrove,6.01,5.98,6.61,7.07,6.99,7.15,7.07,6.0900002,6.48,6.88,6.92,6.4,7.14,7.6,8.07,7.93,8.16,8.41,8.52,9.25,8.61,8.98,Matched (3)
MAV,England,West Midlands,Malvern Hills,E07000235,52.182758,-2.3446653,E12000005,West Midlands,Malvern Hills,6.37,7.59,7.96,8.03,8.05,8.15,7.15,6.5999999,8.06,9,8.63,7.23,9.24,8.63,9.02,8.1,9.89,9.86,9.31,10.07,9.84,8.71,Matched (3)
RED,England,West Midlands,Redditch,E07000236,52.282288,-1.9518603,E12000005,West Midlands,Redditch,4.86,5.93,6.52,6.38,6.88,7.18,7.14,6.29,6.44,6.44,6.4,6.51,7.52,8.02,7.66,7.6,8.17,8.3,8.4,9.33,8.89,7.91,Matched (3)
WOC,England,West Midlands,Worcester,E07000237,52.196693,-2.2113242,E12000005,West Midlands,Worcester,4.55,5.92,6.61,6.29,6.3,6.94,6.63,6.4000001,6.24,6.05,6.31,6.11,6.11,6.55,6.88,6.47,6.86,6.98,7.61,7.74,7.31,7.03,Matched (3)
WYC,England,West Midlands,Wychavon,E07000238,52.164188,-2.0508165,E12000005,West Midlands,Wychavon,6.51,7.57,8.15,8.5,8.71,9.19,9.05,7.2600002,8.14,7.52,7.69,7.74,7.95,8.27,8.74,8.94,9,8.79,9.86,10.81,9.88,9.51,Matched (3)
WYE,England,West Midlands,Wyre Forest,E07000239,52.379578,-2.274667,E12000005,West Midlands,Wyre Forest,4.89,5.98,7.21,7.33,7.21,7.07,6.93,6.7800002,6.83,7.15,6.75,6.49,6.68,6.12,6.41,6.78,6.94,6.76,6.45,7.67,7.27,7.58,Matched (3)
SAL,England,East of England,St Albans,E07000240,51.77206,-.34249455,E12000006,East of England,St Albans,[x],8.1,8.17,7.94,9.02,9.09,8.74,8.1800003,9.05,9.36,9.36,9.39,10.01,11.74,12.62,12.98,12.62,12.77,12.42,12.76,13.31,13.43,Matched (3)
WEW,England,East of England,Welwyn Hatfield,E07000241,51.766888,-.19408512,E12000006,East of England,Welwyn Hatfield,[x],7.25,7.84,7.68,7.58,7.55,7.54,7,7.54,7.92,8.2,8.55,8.54,9.8,11.17,11.4,11.4,11.41,11.11,13,11.9,10.87,Matched (3)
EHE,England,East of England,East Hertfordshire,E07000242,51.865055,-.008257932,E12000006,East of England,East Hertfordshire,[x],7.06,6.97,7.32,7.43,8.31,7.26,6.3899999,7.07,7.96,7.62,8.72,9,9.42,10.2,10.83,10.75,10.29,10.31,11.03,9.68,9.74,Matched (3)
STV,England,East of England,Stevenage,E07000243,51.904316,-.18933234,E12000006,East of England,Stevenage,[x],6.04,6.6,7.02,6.59,6.53,6.64,6.02,6.26,5.81,5.93,6.2,7.02,7.69,8.67,9.12,8.62,9.32,8.16,11.03,9.98,9.97,Matched (3)
ESK,England,East of England,East Suffolk,E07000244,52.237015,1.4614553,E12000006,East of England,East Suffolk,[x],5.9,6.5,6.79,6.67,7.1,7.23,6.1900001,7.14,6.69,7.03,6.94,6.67,7.41,7.56,8.43,8.6,7.95,8.25,9.5,9.08,8.61,Matched (3)
WSK,England,East of England,West Suffolk,E07000245,52.277714,.6220783,E12000006,East of England,West Suffolk,[x],6.7,7.5,7.73,7.43,7.98,8.29,6.96,6.87,6.79,7.08,7.41,7.86,8.33,8.23,8.23,8.68,8.92,8.55,9.52,9.23,8.39,Matched (3)
SWT,England,South West,Somerset West and Taunton,E07000246,51.086906,-3.3625758,,,,,,,,,,,,,,,,,,,,,,,,,,Master only (1)
BOL,England,North West,Bolton,E08000001,53.578632,-2.4669702,E12000002,North West,Bolton,2.96,3.25,4.09,4.79,5.5,5.42,5.33,4.71,4.93,4.68,4.63,4.63,4.96,5,5.04,5.21,5.28,5.16,5.36,6.07,6.04,5.72,Matched (3)
BUR,England,North West,Bury,E08000002,53.587841,-2.3125534,E12000002,North West,Bury,3.24,3.72,4.4,5.11,5.43,5.36,5.1,4.8400002,4.92,4.62,4.76,4.72,5.04,5.27,5.34,5.7,5.6,5.83,5.58,6.88,6.79,6.79,Matched (3)
MAN,England,North West,Manchester,E08000003,53.451485,-2.2325237,E12000002,North West,Manchester,3.75,4.07,4.9,5.56,6.27,6.21,5.92,5.2199998,5.4,5.65,5.15,5.06,5.49,5.63,6.12,6.42,6.49,6.76,6.93,8.13,8.08,7.08,Matched (3)
OLD,England,North West,Oldham,E08000004,53.551888,-2.0506523,E12000002,North West,Oldham,2.89,3.22,3.76,4.5,5.04,5.31,5.32,4.8899999,5.13,4.75,4.85,4.98,5.01,5.14,5.07,5.1,5.2,5.32,5.41,6.25,6.59,6.09,Matched (3)
RCH,England,North West,Rochdale,E08000005,53.616554,-2.1578679,E12000002,North West,Rochdale,2.93,3.29,3.99,4.52,4.81,5.14,4.76,4.1999998,4.66,4.5,4.55,4.82,5.1,5.14,5.12,5.18,5.22,5.33,5.38,6.63,6.28,5.77,Matched (3)
SLF,England,North West,Salford,E08000006,53.48954,-2.3701909,E12000002,North West,Salford,2.93,3.68,4.51,5.06,5.31,5.65,5.46,5.0300002,4.89,4.86,4.7,4.85,4.97,5.14,5.4,6.05,6.22,6.12,6.29,7.33,7.22,6.8,Matched (3)
SKP,England,North West,Stockport,E08000007,53.393963,-2.1281087,E12000002,North West,Stockport,4.44,5.38,6.13,6.33,6.38,6.35,6.79,5.96,6.17,6.17,5.98,5.85,6.08,6.55,6.92,7.06,7.09,6.98,6.88,9.03,8.07,7.62,Matched (3)
TAM,England,North West,Tameside,E08000008,53.47747,-2.0628138,E12000002,North West,Tameside,2.95,3.66,4.44,4.87,5.58,5.9,5.58,4.8200002,5.04,5.03,4.62,4.88,5.29,5.32,5.44,5.56,5.74,5.78,6,6.32,6.53,6.31,Matched (3)
TRF,England,North West,Trafford,E08000009,53.418995,-2.3553498,E12000002,North West,Trafford,5.18,5.92,6.42,6.7,6.86,6.71,6.6,6.2399998,6.43,6.51,6.15,6.24,6.67,6.99,6.75,7.71,7.57,8,8.06,8.88,8.79,9.2,Matched (3)
WGN,England,North West,Wigan,E08000010,53.524151,-2.5895088,E12000002,North West,Wigan,2.95,3.48,4.4,4.74,5.23,5.4,5.18,4.75,4.79,4.58,4.62,4.28,4.7,4.7,4.61,4.82,4.99,5.37,5.11,5.34,5.86,5.47,Matched (3)
KWL,England,North West,Knowsley,E08000011,53.425102,-2.8340373,E12000002,North West,Knowsley,3.57,3.77,5.06,6,6.06,5.56,5.59,4.75,4.72,4.53,4.55,4.72,4.66,4.95,4.77,4.88,4.96,5.8,5.61,5.72,5.46,4.86,Matched (3)
LIV,England,North West,Liverpool,E08000012,53.395451,-2.9170077,E12000002,North West,Liverpool,3.12,3.48,4.5,4.89,5.45,5.6,5.23,4.9499998,4.79,4.64,4.68,4.51,4.46,4.67,4.62,4.77,4.76,4.41,4.28,5.25,5.03,4.89,Matched (3)
SHN,England,North West,St. Helens,E08000013,53.459473,-2.7236207,E12000002,North West,St. Helens,3.43,3.75,4.76,5.41,5.57,5.85,5.26,4.6999998,4.77,4.31,4.37,4.44,4.94,4.57,4.92,5.23,5.03,4.69,5.06,5.45,4.89,5.19,Matched (3)
SFT,England,North West,Sefton,E08000014,53.56538,-3.0150163,E12000002,North West,Sefton,4.05,4.8,5.9,5.99,6.57,6.49,6.19,6.2399998,6.27,5.93,5.56,5.33,5.8,6.02,6.21,6.02,5.87,6.18,5.96,6.6,6.61,6.24,Matched (3)
WRL,England,North West,Wirral,E08000015,53.368343,-3.0926764,E12000002,North West,Wirral,3.47,4,4.9,5.08,5.63,5.97,5.8,5.2199998,5.18,5.28,5.29,5.05,5.08,5.05,5.32,5.62,5.77,5.6,5.72,6.61,6,5.8,Matched (3)
BNS,England,Yorkshire and The Humber,Barnsley,E08000016,53.53587,-1.5325745,E12000003,Yorkshire and The Humber,Barnsley,2.66,3.23,4.2,4.62,4.99,5.36,4.88,4.0900002,4.38,4.28,4.43,4.32,4.44,4.49,4.81,4.86,5.12,5.1,4.99,5.41,5.54,5.04,Matched (3)
DNC,England,Yorkshire and The Humber,Doncaster,E08000017,53.544304,-1.0957702,E12000003,Yorkshire and The Humber,Doncaster,2.77,3.53,4.61,5.1,5.17,5.37,5.04,4.6500001,4.9,4.64,4.59,4.53,4.68,5.18,5.08,5.22,4.74,4.8,4.82,5.39,5.29,4.82,Matched (3)
ROT,England,Yorkshire and The Humber,Rotherham,E08000018,53.408619,-1.2861507,E12000003,Yorkshire and The Humber,Rotherham,3.03,3.6,4.38,4.85,5.41,5.39,5.54,4.9899998,5.13,4.84,4.99,4.94,5.34,5.2,5.43,5.16,5.32,5.32,5.14,6.24,5.9,5.35,Matched (3)
SHF,England,Yorkshire and The Humber,Sheffield,E08000019,53.404415,-1.5503792,E12000003,Yorkshire and The Humber,Sheffield,3.56,4.25,5.08,5.31,5.61,5.81,5.45,5.0900002,5.3,5.16,5.11,5.08,5.34,5.46,5.37,5.58,5.68,5.63,5.99,5.96,6.07,6.16,Matched (3)
NET,England,North East,Newcastle upon Tyne,E08000021,55.007668,-1.6578151,E12000001,North East,Newcastle upon Tyne,3.94,4.84,6.11,5.95,6.54,6.82,6.52,5.98,6.28,6.13,5.63,5.66,5.56,5.68,5.83,5.84,5.94,5.89,5.68,6.14,6.03,5.69,Matched (3)
NTY,England,North East,North Tyneside,E08000022,55.028042,-1.5174373,E12000001,North East,North Tyneside,3.45,4.61,5.59,5.98,6.32,6.43,5.91,5.3800001,5.9,5.52,5.57,5.67,5.86,6.02,5.94,5.92,5.9,5.89,5.83,6.37,5.66,5.57,Matched (3)
STY,England,North East,South Tyneside,E08000023,54.963528,-1.4442525,E12000001,North East,South Tyneside,2.7,3.18,4.58,5.02,5.2,5.59,5.31,4.77,5.06,4.7,4.56,4.77,5.02,5.31,5.56,5.26,5.48,5.24,5.09,5.47,4.91,4.79,Matched (3)
SND,England,North East,Sunderland,E08000024,54.880398,-1.4519528,E12000001,North East,Sunderland,3.32,3.93,4.88,5.16,5.36,5.45,5.39,4.8699999,4.92,4.75,4.77,4.64,4.76,4.87,4.77,5.02,4.95,5.11,4.84,5.81,5.12,4.53,Matched (3)
BIR,England,West Midlands,Birmingham,E08000025,52.488548,-1.8748024,E12000005,West Midlands,Birmingham,3.95,4.92,5.73,5.95,5.85,6.16,5.91,5.1999998,5.45,5.34,5.24,5.33,5.48,5.67,5.77,6.06,6.14,6.55,6.39,7.27,6.97,7.07,Matched (3)
COV,England,West Midlands,Coventry,E08000026,52.41687,-1.5197504,E12000005,West Midlands,Coventry,3.78,4.14,4.9,5.17,5.41,6,5.54,4.9299998,5.23,4.91,4.87,4.8,5.27,5.28,5.47,5.77,6.09,6.33,6.25,6.6,6.31,6.3,Matched (3)
DUD,England,West Midlands,Dudley,E08000027,52.482849,-2.108736,E12000005,West Midlands,Dudley,4.14,4.94,5.94,6.15,6.14,6.05,5.86,5.7600002,6.02,5.56,5.43,5.33,5.52,5.66,5.59,5.69,5.99,5.82,5.79,6.83,6.95,6.92,Matched (3)
SAW,England,West Midlands,Sandwell,E08000028,52.515427,-2.0089726,E12000005,West Midlands,Sandwell,3.64,4.43,5.17,5.47,5.87,5.95,5.65,5.0500002,5.03,5.03,4.89,4.92,5.29,5.31,5.45,5.66,5.88,6.15,6.01,6.54,6.86,6.76,Matched (3)
SOL,England,West Midlands,Solihull,E08000029,52.413116,-1.727077,E12000005,West Midlands,Solihull,5.78,6.8,7.3,7.69,7.45,7.56,7.17,6.4499998,7.29,7.08,6.64,6.59,7,7.5,7.64,8.15,8,8.11,8.36,9.15,8.57,8.47,Matched (3)
WLL,England,West Midlands,Walsall,E08000030,52.599255,-1.9663478,E12000005,West Midlands,Walsall,3.95,4.78,5.81,6.11,6.05,6.1,5.59,5.5100002,5.65,5.77,5.42,5.59,5.95,5.6,5.73,6.1,6.24,5.96,5.73,6.68,6.71,6.6,Matched (3)
WLV,England,West Midlands,Wolverhampton,E08000031,52.589191,-2.1209915,E12000005,West Midlands,Wolverhampton,3.62,4.39,5.17,5.56,5.92,5.7,5.49,5.3200002,5.37,5.31,4.96,4.96,5.35,5.43,5.8,5.73,5.89,5.93,6.35,6.43,6.33,6.75,Matched (3)
BRD,England,Yorkshire and The Humber,Bradford,E08000032,53.844669,-1.8546714,E12000003,Yorkshire and The Humber,Bradford,3.12,3.67,4.51,5.1,5.82,6.22,6.08,5.4099998,5.39,5.54,5.18,5.07,5.16,5.33,5.29,5.34,5.37,5.3,5,5.54,5.22,5.14,Matched (3)
CLD,England,Yorkshire and The Humber,Calderdale,E08000033,53.72118,-1.9734126,E12000003,Yorkshire and The Humber,Calderdale,2.94,3.43,4.41,5.21,5.32,5.51,5.18,4.3499999,5.25,4.93,4.6,4.75,4.86,5.03,4.86,4.98,5.02,5.09,5.35,5.96,5.45,5.33,Matched (3)
KIR,England,Yorkshire and The Humber,Kirklees,E08000034,53.627357,-1.7633073,E12000003,Yorkshire and The Humber,Kirklees,3.07,3.7,4.77,5.06,5.37,5.49,5.32,5.1199999,5.38,5.05,4.86,4.94,4.94,5.28,5.47,5.36,5.52,5.64,5.55,6.49,5.78,5.72,Matched (3)
LDS,England,Yorkshire and The Humber,Leeds,E08000035,53.825745,-1.5060164,E12000003,Yorkshire and The Humber,Leeds,4.17,4.88,5.78,5.99,6.18,6.42,6.11,5.4499998,5.85,5.78,5.76,5.49,5.7,5.88,5.84,6.11,6.24,6.23,6.45,7.14,6.8,6.78,Matched (3)
WKF,England,Yorkshire and The Humber,Wakefield,E08000036,53.660675,-1.4118078,E12000003,Yorkshire and The Humber,Wakefield,3.45,4.27,4.84,5.61,5.65,5.73,5.49,5.1799998,5.61,5.45,5.22,5.24,5.44,5.51,5.6,5.82,5.84,5.86,6.13,6.43,6.4,6.17,Matched (3)
GAT,England,North East,Gateshead,E08000037,54.935368,-1.6828872,E12000001,North East,Gateshead,3.36,4.25,5.12,5.24,6.06,5.98,5.73,5.4200001,5.2,5.11,4.76,5.07,4.98,5.21,5.19,5.04,5.24,5.28,5.36,5.67,4.89,4.74,Matched (3)
LND,England,London,City of London,E09000001,51.514412,-.092444837,E12000007,London,City of London,6.29,[x],[x],[x],[x],[x],[x],9.5200005,[x],8.66,[x],[x],[x],[x],14.83,[x],16.49,[x],[x],[x],16.07,[x],Matched (3)
BDG,England,London,Barking and Dagenham,E09000002,51.543972,.13316402,E12000007,London,Barking and Dagenham,4.68,6.26,7.18,7.15,6.55,7.05,7.46,5.71,6.3,6.56,6.38,6.28,7.54,8.24,9.89,10,10.4,10.74,9.74,10.25,10.76,10.97,Matched (3)
BNE,England,London,Barnet,E09000003,51.61602,-.21000955,E12000007,London,Barnet,7.42,8.49,8.64,8.46,9.12,9.83,9.16,8.4700003,9.72,10.06,10.05,10.16,12.14,13.3,14.05,13.7,14.45,14.19,15.13,15.96,15.68,14.84,Matched (3)
BEX,England,London,Bexley,E09000004,51.460888,.14234309,E12000007,London,Bexley,5.56,6.29,6.57,6.73,6.79,7.19,6.97,6.29,6.72,6.77,6.53,6.68,7.69,8.47,9.44,10.01,10.04,9.61,9.17,10.52,9.98,9.8,Matched (3)
BEN,England,London,Brent,E09000005,51.558548,-.26780954,E12000007,London,Brent,8.1,9.32,9.26,9.59,9.85,10.8,9.89,9.75,10.31,11.19,11.13,12.13,12.36,13.43,15.21,15.65,16.32,15.59,14.34,15.29,14.77,15.3,Matched (3)
BRY,England,London,Bromley,E09000006,51.371983,.051533628,E12000007,London,Bromley,6.48,7.13,7.54,7.45,7.54,7.71,7.49,6.9899998,7.82,8.06,7.64,7.94,8.92,9.93,10.86,10.83,11,10.73,10.3,11.95,11.59,11.21,Matched (3)
CMD,England,London,Camden,E09000007,51.546391,-.15741374,E12000007,London,Camden,9.72,9.24,10.4,10.29,10.38,11.4,11.97,11.15,12.63,13.96,13.3,15.15,17.43,17.13,18.51,19.4,18.23,18.27,19.12,19.4,19.68,17.12,Matched (3)
CRY,England,London,Croydon,E09000008,51.35532,-.087167449,E12000007,London,Croydon,5.82,6.6,7.23,7.35,7.38,7.96,7.82,6.8000002,7.17,7.27,7.41,7.54,7.82,8.98,10.18,10.73,10.46,10.95,10.31,11.37,10.86,10.32,Matched (3)
EAL,England,London,Ealing,E09000009,51.522472,-.33102891,E12000007,London,Ealing,7.09,8.47,8.69,8.96,8.88,9.22,9.66,8.0699997,9.61,9.42,9.94,10.93,12.28,14.34,14.73,14.88,14.16,14.79,13.29,14.7,14.82,14.42,Matched (3)
ENF,England,London,Enfield,E09000010,51.650993,-.087254465,E12000007,London,Enfield,6.03,7.38,7.31,7.83,7.75,8.17,8.44,7.7600002,8,8.26,8.26,8.43,9.16,10.35,12.16,13,12.94,12.35,12.69,12.84,12.46,12.32,Matched (3)
GRE,England,London,Greenwich,E09000011,51.474426,.055538163,E12000007,London,Greenwich,5.99,6.37,6.86,7.41,7.7,7.53,7.88,6.7399998,7.61,8.17,7.96,8.1,10.09,10.57,11.87,12.67,11.95,12.73,12.15,12.92,12.33,11.52,Matched (3)
HCK,England,London,Hackney,E09000012,51.552265,-.063317493,E12000007,London,Hackney,7.37,8.15,8.7,8.25,9.48,9.04,9.06,8.9099998,9.57,9.21,10.41,11.42,12.82,14.35,16.67,15.22,16.34,16.04,17.23,16.56,14.46,13.88,Matched (3)
HMF,England,London,Hammersmith and Fulham,E09000013,51.494991,-.22077191,E12000007,London,Hammersmith and Fulham,8.55,9.31,9.83,10.8,10.8,11.67,11.76,11.07,12.36,13.11,12.48,14.45,16.95,19.28,19.21,19.08,20.04,17.28,18.79,19.46,18.63,17.03,Matched (3)
HRY,England,London,Haringey,E09000014,51.590374,-.10746876,E12000007,London,Haringey,7.03,7.53,7.8,8.15,8.08,8.59,9.02,8.3800001,9.5,9.96,10.28,11.32,12.56,13.66,14.96,16.08,15.67,14.4,14.3,14.79,15.1,14.3,Matched (3)
HRW,England,London,Harrow,E09000015,51.597717,-.34127733,E12000007,London,Harrow,7.58,9.2,9.26,9.29,9.26,9.4,8.8,7.8200002,8.94,9.51,10.06,9.76,11.27,11.85,13.29,14.61,13.57,12.97,12.15,13.51,13.34,13.81,Matched (3)
HAV,England,London,Havering,E09000016,51.563103,.22042646,E12000007,London,Havering,5.63,6.55,6.91,6.73,7.02,7.52,7.2,6.54,7.09,7.29,6.88,7.34,7.99,8.73,9.78,10.61,10.54,10.77,10.47,11.14,11.88,10.87,Matched (3)
HIL,England,London,Hillingdon,E09000017,51.54147,-.4456608,E12000007,London,Hillingdon,6.47,7.28,7.56,7.87,8.55,8.39,8.65,7.9400001,8.26,8.13,7.96,8.34,9.33,10.34,11.64,13.13,13.56,13.13,12.09,12.68,11.71,11.97,Matched (3)
HNS,England,London,Hounslow,E09000018,51.468494,-.36614436,E12000007,London,Hounslow,7,7.92,8.65,8.4,9.03,9.34,9.02,8.5,8.54,8.55,8.67,9.21,10.3,11.59,12.62,11.95,12.75,11.82,12.17,13.87,12.6,12.98,Matched (3)
ISL,England,London,Islington,E09000019,51.548481,-.11024424,E12000007,London,Islington,8.71,8.83,8.67,8.94,8.91,10.28,10.84,9.9899998,10.95,11.18,10.64,12.55,13.57,16.27,16.51,16.22,13.09,13.73,13.92,14.8,15.62,14.82,Matched (3)
KEC,England,London,Kensington and Chelsea,E09000020,51.501205,-.19221255,E12000007,London,Kensington and Chelsea,10.68,10.77,10.04,10.86,11.19,15.48,15.26,13.89,15.93,16.48,21.32,20.88,25.28,29.71,30.38,29.15,33.43,27.64,26.23,24.77,34.81,25.36,Matched (3)
KTT,England,London,Kingston upon Thames,E09000021,51.38789,-.28691092,E12000007,London,Kingston upon Thames,7.16,7.77,8.47,8.38,8.1,8.52,9.5,7.9899998,8.78,8.6,8.69,9.06,10.19,10.88,11.83,12.9,12.74,12.71,12,13.01,12.15,12.49,Matched (3)
LBH,England,London,Lambeth,E09000022,51.453835,-.11831857,E12000007,London,Lambeth,8.02,7.59,8.38,8.21,8.98,9.36,9.49,8.1899996,9,8.95,9.85,10.14,12.43,13.53,15.01,15.03,13.82,14.41,13.8,13.84,13.17,12.67,Matched (3)
LEW,England,London,Lewisham,E09000023,51.448273,-.020290475,E12000007,London,Lewisham,5.85,6.33,6.57,6.94,7.34,7.97,8.06,7.29,7.63,8.08,7.76,7.7,9.33,10.88,11.7,12.28,12.21,12.74,11.57,13.17,12.38,11.65,Matched (3)
MRT,England,London,Merton,E09000024,51.40995,-.19724971,E12000007,London,Merton,6.81,7.27,7.9,7.84,8.57,8.5,8.46,7.5599999,8.6,8.93,8.59,9.43,11.48,11.97,13.44,12.83,12.91,12.4,11.52,15.89,14.22,13.76,Matched (3)
NWM,England,London,Newham,E09000025,51.526886,.037538663,E12000007,London,Newham,6.47,7.65,8.27,8.09,8.55,9.29,9.4,7.7199998,8,8.12,8.21,8,9.66,10.78,12.24,13.4,13.28,13.01,12.49,12.49,12.46,11.4,Matched (3)
RDB,England,London,Redbridge,E09000026,51.585655,.075862437,E12000007,London,Redbridge,6.22,7.09,8.27,7.96,7.86,7.97,7.6,7.0100002,7.19,7.76,8.02,8.37,8.76,9.51,11.26,12.5,12.79,11.99,11.76,13.25,12.69,12.68,Matched (3)
RIC,England,London,Richmond upon Thames,E09000027,51.442734,-.31237888,E12000007,London,Richmond upon Thames,7.26,7.95,8.35,8.41,9.18,9.85,9.85,9.1800003,10.35,10.21,10.35,11.82,12.79,14.27,14.38,15.68,14.81,14.74,13.31,15.94,16.71,15.04,Matched (3)
SWK,England,London,Southwark,E09000028,51.474228,-.074058063,E12000007,London,Southwark,7.54,7.99,8.44,8.51,8.18,8.86,8.98,8.4799995,9.15,9.69,9.61,10.12,12.13,13.56,14.72,15.2,15.35,14.31,13.67,14.44,13.38,12.37,Matched (3)
STN,England,London,Sutton,E09000029,51.362087,-.17756641,E12000007,London,Sutton,6.29,6.66,7.39,7.38,7.56,8.01,8,7.1799998,7.36,8,7.83,8.06,8.72,10,10.54,11.1,10.77,10.4,11.07,11.64,12.09,11.72,Matched (3)
TWH,England,London,Tower Hamlets,E09000030,51.515739,-.034672186,E12000007,London,Tower Hamlets,7.81,7.58,7.98,8.35,8.56,8.48,9.12,8.2399998,8.88,8.87,8.7,9.01,10.88,11.89,12.82,12.88,12.73,11.52,12.38,14.12,13.24,11.2,Matched (3)
WFT,England,London,Waltham Forest,E09000031,51.594017,-.012636555,E12000007,London,Waltham Forest,5.69,6.62,7.2,7.55,7.64,8.37,8.28,7.4000001,7.81,8.51,8.27,8.96,10.68,12.13,13.2,14.08,13.55,12.66,12.47,13.68,12.44,13.52,Matched (3)
WND,England,London,Wandsworth,E09000032,51.451965,-.18619077,E12000007,London,Wandsworth,7.52,8.07,8.48,8.59,9.31,10.53,10.28,9.1400003,9.79,10.64,10.89,11.75,13.12,13.78,15.12,16.2,14.8,14.38,14.43,14.68,14.48,13.02,Matched (3)
WSM,England,London,Westminster,E09000033,51.513443,-.16045572,E12000007,London,Westminster,11.01,11.41,10.6,11.3,12.32,12.81,12.93,13.27,12.14,14.59,14.09,18.69,20.38,20.53,23.48,24.76,23.71,21.32,22.45,21.52,24.09,19.11,Matched (3)
BKM,England,,,E10000002,,,,,,,,,,,,,,,,,,,,,,,,,,,,Master only (1)
CAM,England,East of England,Cambridgeshire,E10000003,52.330425,.069896907,,,,,,,,,,,,,,,,,,,,,,,,,,Master only (1)
CMA,England,North West,Cumbria,E10000006,54.521626,-3.0196526,,,,,,,,,,,,,,,,,,,,,,,,,,Master only (1)
DBY,England,West Midlands,Derbyshire,E10000007,53.087238,-1.5643477,,,,,,,,,,,,,,,,,,,,,,,,,,Master only (1)
DEV,England,South West,Devon,E10000008,51.435879,-3.171284,,,,,,,,,,,,,,,,,,,,,,,,,,Master only (1)
DOR,England,,,E10000009,50.490189,-3.7400558,,,,,,,,,,,,,,,,,,,,,,,,,,Master only (1)
ESX,England,South East,East Sussex,E10000011,50.889545,.31582236,,,,,,,,,,,,,,,,,,,,,,,,,,Master only (1)
ESS,England,East of England,Essex,E10000012,51.639217,.40671283,,,,,,,,,,,,,,,,,,,,,,,,,,Master only (1)
GLS,England,South West,Gloucestershire,E10000013,51.852402,-.74770844,,,,,,,,,,,,,,,,,,,,,,,,,,Master only (1)
HAM,England,South East,Hampshire,E10000014,50.980709,-1.0748168,,,,,,,,,,,,,,,,,,,,,,,,,,Master only (1)
HRT,England,East of England,Hertfordshire,E10000015,51.440563,-.71553516,,,,,,,,,,,,,,,,,,,,,,,,,,Master only (1)
KEN,England,South East,Kent,E10000016,51.515404,.094392568,,,,,,,,,,,,,,,,,,,,,,,,,,Master only (1)
LAN,England,North West,Lancashire,E10000017,52.504597,-.80877733,,,,,,,,,,,,,,,,,,,,,,,,,,Master only (1)
LEC,England,East Midlands,Leicestershire,E10000018,53.245197,-1.7361348,,,,,,,,,,,,,,,,,,,,,,,,,,Master only (1)
LIN,England,Yorkshire and The Humber,Lincolnshire,E10000019,52.991528,-.42197147,,,,,,,,,,,,,,,,,,,,,,,,,,Master only (1)
NFK,England,East of England,Norfolk,E10000020,52.757401,.94454181,,,,,,,,,,,,,,,,,,,,,,,,,,Master only (1)
NTH,England,East Midlands,Northamptonshire,E10000021,,,,,,,,,,,,,,,,,,,,,,,,,,,,Master only (1)
NYK,England,Yorkshire and The Humber,North Yorkshire,E10000023,54.132992,-1.5012234,,,,,,,,,,,,,,,,,,,,,,,,,,Master only (1)
NTT,England,East Midlands,Nottinghamshire,E10000024,53.237209,-1.0598694,,,,,,,,,,,,,,,,,,,,,,,,,,Master only (1)
OXF,England,South East,Oxfordshire,E10000025,52.025475,-1.2509079,,,,,,,,,,,,,,,,,,,,,,,,,,Master only (1)
SOM,England,South West,Somerset,E10000027,51.125301,-2.7357903,,,,,,,,,,,,,,,,,,,,,,,,,,Master only (1)
STS,England,West Midlands,Staffordshire,E10000028,52.749157,-2.0220494,,,,,,,,,,,,,,,,,,,,,,,,,,Master only (1)
SFK,England,East of England,Suffolk,E10000029,52.467937,-.11121638,,,,,,,,,,,,,,,,,,,,,,,,,,Master only (1)
SRY,England,South East,Surrey,E10000030,51.346752,-.53244299,,,,,,,,,,,,,,,,,,,,,,,,,,Master only (1)
WAR,England,West Midlands,Warwickshire,E10000031,51.812042,-.9016946,,,,,,,,,,,,,,,,,,,,,,,,,,Master only (1)
WSX,England,South East,West Sussex,E10000032,50.958126,-.39723566,,,,,,,,,,,,,,,,,,,,,,,,,,Master only (1)
WOR,England,West Midlands,Worcestershire,E10000034,52.060684,-1.8712256,,,,,,,,,,,,,,,,,,,,,,,,,,Master only (1)
GLA,England,London,Greater London,E12000007,51.504353,-.11954507,,,,,,,,,,,,,,,,,,,,,,,,,,Master only (1)
GMCA,England,North West,,E47000001,53.509171,-2.2726169,,,,,,,,,,,,,,,,,,,,,,,,,,Master only (1)
SCR,England,Yorkshire and The Humber,,E47000002,53.47345,-1.3663137,,,,,,,,,,,,,,,,,,,,,,,,,,Master only (1)
WYCA,England,Yorkshire and The Humber,,E47000003,53.736115,-1.7017944,,,,,,,,,,,,,,,,,,,,,,,,,,Master only (1)
LCR,England,North West,,E47000004,53.426331,-2.8834734,,,,,,,,,,,,,,,,,,,,,,,,,,Master only (1)
TVCA,England,North East,,E47000006,54.575432,-1.276271,,,,,,,,,,,,,,,,,,,,,,,,,,Master only (1)
WMCA,England,West Midlands,,E47000007,,,,,,,,,,,,,,,,,,,,,,,,,,,,Master only (1)
CPCA,England,East of England,,E47000008,,,,,,,,,,,,,,,,,,,,,,,,,,,,Master only (1)
WECA,England,South West,,E47000009,,,,,,,,,,,,,,,,,,,,,,,,,,,,Master only (1)
NECA,England,North East,,E47000010,54.868805,-1.6050763,,,,,,,,,,,,,,,,,,,,,,,,,,Master only (1)
NTCA,England,North East,"Newcastle Upon Tyne, North Tyneside and Northumberland Combined Authority",E47000011,55.092628,-1.7466165,,,,,,,,,,,,,,,,,,,,,,,,,,Master only (1)
ANN,Northern Ireland,Northern Ireland,Antrim and Newtownabbey,N09000001,54.701794,-6.1977677,,,,,,,,,,,,,,,,,,,,,,,,,,Master only (1)
ABC,Northern Ireland,Northern Ireland,"Armagh City, Banbridge and Craigavon",N09000002,54.36919,-6.4567242,,,,,,,,,,,,,,,,,,,,,,,,,,Master only (1)
BFS,Northern Ireland,Northern Ireland,Belfast,N09000003,54.596348,-5.9428163,,,,,,,,,,,,,,,,,,,,,,,,,,Master only (1)
CCG,Northern Ireland,Northern Ireland,Causeway Coast and Glens,N09000004,55.060253,-6.5915666,,,,,,,,,,,,,,,,,,,,,,,,,,Master only (1)
DRS,Northern Ireland,Northern Ireland,Derry City and Strabane,N09000005,54.820316,-7.3603849,,,,,,,,,,,,,,,,,,,,,,,,,,Master only (1)
FMO,Northern Ireland,Northern Ireland,Fermanagh and Omagh,N09000006,54.442265,-7.5037842,,,,,,,,,,,,,,,,,,,,,,,,,,Master only (1)
LBC,Northern Ireland,Northern Ireland,Lisburn and Castlereagh,N09000007,54.508224,-6.0524397,,,,,,,,,,,,,,,,,,,,,,,,,,Master only (1)
MEA,Northern Ireland,Northern Ireland,Mid and East Antrim,N09000008,54.874413,-6.1011753,,,,,,,,,,,,,,,,,,,,,,,,,,Master only (1)
MUL,Northern Ireland,Northern Ireland,Mid Ulster,N09000009,54.621456,-6.791955,,,,,,,,,,,,,,,,,,,,,,,,,,Master only (1)
NMD,Northern Ireland,Northern Ireland,"Newry, Mourne and Down ",N09000010,54.236206,-6.0680485,,,,,,,,,,,,,,,,,,,,,,,,,,Master only (1)
AND,Northern Ireland,Northern Ireland,Ards and North Down,N09000011,54.534279,-5.6293125,,,,,,,,,,,,,,,,,,,,,,,,,,Master only (1)
CLK,Scotland,Scotland,Clackmannanshire,S12000005,56.150471,-3.7422223,,,,,,,,,,,,,,,,,,,,,,,,,,Master only (1)
DGY,Scotland,Scotland,Dumfries and Galloway,S12000006,55.07114,-3.959507,,,,,,,,,,,,,,,,,,,,,,,,,,Master only (1)
EAY,Scotland,Scotland,East Ayrshire,S12000008,55.485008,-4.3142014,,,,,,,,,,,,,,,,,,,,,,,,,,Master only (1)
ELN,Scotland,Scotland,East Lothian,S12000010,55.94186,-2.7206511,,,,,,,,,,,,,,,,,,,,,,,,,,Master only (1)
ERW,Scotland,Scotland,East Renfrewshire,S12000011,55.753139,-4.3595142,,,,,,,,,,,,,,,,,,,,,,,,,,Master only (1)
ELS,Scotland,Scotland,Eilean Siar,S12000013,57.907574,-6.8746562,,,,,,,,,,,,,,,,,,,,,,,,,,Master only (1)
FAL,Scotland,Scotland,Falkirk,S12000014,55.997337,-3.7906427,,,,,,,,,,,,,,,,,,,,,,,,,,Master only (1)
HLD,Scotland,Scotland,Highland,S12000017,57.572937,-4.7713909,,,,,,,,,,,,,,,,,,,,,,,,,,Master only (1)
IVC,Scotland,Scotland,Inverclyde,S12000018,55.904408,-4.7426701,,,,,,,,,,,,,,,,,,,,,,,,,,Master only (1)
MLN,Scotland,Scotland,Midlothian,S12000019,55.832226,-3.1104195,,,,,,,,,,,,,,,,,,,,,,,,,,Master only (1)
MRY,Scotland,Scotland,Moray,S12000020,57.475517,-3.2676127,,,,,,,,,,,,,,,,,,,,,,,,,,Master only (1)
NAY,Scotland,Scotland,North Ayrshire,S12000021,55.650517,-4.9804029,,,,,,,,,,,,,,,,,,,,,,,,,,Master only (1)
ORK,Scotland,Scotland,Orkney Islands,S12000023,59.029221,-3.0359671,,,,,,,,,,,,,,,,,,,,,,,,,,Master only (1)
SCB,Scotland,Scotland,The Scottish Borders,S12000026,55.576241,-2.7884669,,,,,,,,,,,,,,,,,,,,,,,,,,Master only (1)
ZET,Scotland,Scotland,Shetland Islands,S12000027,60.394859,-1.2540216,,,,,,,,,,,,,,,,,,,,,,,,,,Master only (1)
SAY,Scotland,Scotland,South Ayrshire,S12000028,55.26828,-4.6892886,,,,,,,,,,,,,,,,,,,,,,,,,,Master only (1)
SLK,Scotland,Scotland,South Lanarkshire,S12000029,55.612652,-3.8106358,,,,,,,,,,,,,,,,,,,,,,,,,,Master only (1)
STG,Scotland,Scotland,Stirling,S12000030,56.244015,-4.3403401,,,,,,,,,,,,,,,,,,,,,,,,,,Master only (1)
ABE,Scotland,Scotland,Aberdeen City,S12000033,57.155777,-2.1736362,,,,,,,,,,,,,,,,,,,,,,,,,,Master only (1)
ABD,Scotland,Scotland,Aberdeenshire,S12000034,57.241119,-2.6319909,,,,,,,,,,,,,,,,,,,,,,,,,,Master only (1)
AGB,Scotland,Scotland,Argyll and Bute,S12000035,56.121899,-5.5027947,,,,,,,,,,,,,,,,,,,,,,,,,,Master only (1)
EDH,Scotland,Scotland,City of Edinburgh,S12000036,55.926495,-3.2884045,,,,,,,,,,,,,,,,,,,,,,,,,,Master only (1)
RFW,Scotland,Scotland,Renfrewshire,S12000038,55.847813,-4.5428047,,,,,,,,,,,,,,,,,,,,,,,,,,Master only (1)
WDU,Scotland,Scotland,West Dunbartonshire,S12000039,55.984879,-4.5176029,,,,,,,,,,,,,,,,,,,,,,,,,,Master only (1)
WLN,Scotland,Scotland,West Lothian,S12000040,55.884983,-3.5737886,,,,,,,,,,,,,,,,,,,,,,,,,,Master only (1)
ANS,Scotland,Scotland,Angus,S12000041,56.723961,-2.9174433,,,,,,,,,,,,,,,,,,,,,,,,,,Master only (1)
DND,Scotland,Scotland,Dundee City,S12000042,56.477123,-2.9696603,,,,,,,,,,,,,,,,,,,,,,,,,,Master only (1)
EDU,Scotland,Scotland,East Dunbartonshire,S12000045,55.956032,-4.2255597,,,,,,,,,,,,,,,,,,,,,,,,,,Master only (1)
FIF,Scotland,Scotland,Fife,S12000047,56.228954,-3.1248653,,,,,,,,,,,,,,,,,,,,,,,,,,Master only (1)
PKN,Scotland,Scotland,Perth and Kinross,S12000048,56.565399,-3.8185966,,,,,,,,,,,,,,,,,,,,,,,,,,Master only (1)
GLG,Scotland,Scotland,Glasgow City,S12000049,55.85788,-4.2531185,,,,,,,,,,,,,,,,,,,,,,,,,,Master only (1)
NLK,Scotland,Scotland,North Lanarkshire,S12000050,55.87476,-3.9482524,,,,,,,,,,,,,,,,,,,,,,,,,,Master only (1)
AGY,Wales,Wales,Isle of Anglesey,W06000001,53.285976,-4.3744884,W92000004,Wales,Isle of Anglesey,4.19,4.36,5.82,6.35,6.89,7.93,7.27,6.29,6.56,6.81,6.34,6.24,6.23,6.5,6.72,6.49,6.69,6.27,6.77,7.13,7.29,6.79,Matched (3)
GWN,Wales,Wales,Gwynedd,W06000002,52.894665,-4.024291,W92000004,Wales,Gwynedd,3.9,4.91,5.54,6.57,6.86,6.95,7.17,6.3800001,6.44,6.04,5.89,5.78,5.81,6.4,6.58,6.26,6.28,6.42,5.85,7.19,6.58,6,Matched (3)
CWY,Wales,Wales,Conwy,W06000003,53.140293,-3.7357843,W92000004,Wales,Conwy,3.81,4.84,6.03,6.98,7.19,7.01,6.57,5.8600001,6.57,6.35,6.23,5.35,5.52,5.39,5.88,5.98,6.21,6.36,5.55,6.97,6.64,6.46,Matched (3)
DEN,Wales,Wales,Denbighshire,W06000004,53.091881,-3.3540945,W92000004,Wales,Denbighshire,3.09,4,4.91,6.25,6.95,6.59,6.57,5.6799998,6.06,5.51,5.81,5.65,5.94,6.09,5.77,5.56,5.7,5.89,6.03,6.91,6.57,6.24,Matched (3)
FLN,Wales,Wales,Flintshire,W06000005,53.217861,-3.1631503,W92000004,Wales,Flintshire,3.38,4.07,5.12,5.62,5.52,6.37,5.94,5.5,5.45,5.58,5.53,5.39,5.2,5.5,5.44,5.82,5.95,6.07,5.99,6.16,6.09,5.83,Matched (3)
WRX,Wales,Wales,Wrexham,W06000006,52.990269,-3.017864,W92000004,Wales,Wrexham,3.5,4.63,5.78,5.77,6.27,6.02,6.01,5.4099998,5.5,5.75,5.67,5.1,5.31,5.34,5.57,5.81,5.51,5.35,5.29,6.3,5.89,5.5,Matched (3)
CGN,Wales,Wales,Ceredigion,W06000008,52.255867,-4.0731359,W92000004,Wales,Ceredigion,4.77,5.5,7.88,7.87,8.53,9.6,9.29,7.48,8.26,7.74,7.8,6.88,7.6,7.66,7.47,7.57,7.19,7.46,6.98,7.7,8.22,7.37,Matched (3)
PEM,Wales,Wales,Pembrokeshire,W06000009,51.853611,-4.8874879,W92000004,Wales,Pembrokeshire,4.72,5.48,7.13,7.63,8.19,7.92,7,7.1799998,6.94,6.46,7.12,6.59,6.48,6.8,6.9,6.69,6.8,7.13,6.44,6.76,6.88,6.7,Matched (3)
CMN,Wales,Wales,Carmarthenshire,W06000010,51.899696,-4.1631784,W92000004,Wales,Carmarthenshire,2.9,3.59,5.39,6.16,6.51,6.42,6.29,5.54,5.7,5.55,5.27,4.79,4.8,5.34,5.5,5.07,5.21,5.16,4.94,5.7,5.44,5.25,Matched (3)
SWA,Wales,Wales,Swansea,W06000011,51.641624,-4.0612164,W92000004,Wales,Swansea,3.22,4.03,4.87,5.7,6,6.16,6.03,5.6399999,5.46,5.04,5.01,5.1,5.03,5.34,5.39,5.32,5.02,5.33,5.55,6.07,5.9,5.5,Matched (3)
NTL,Wales,Wales,Neath Port Talbot,W06000012,51.679699,-3.7433934,W92000004,Wales,Neath Port Talbot,2.47,2.48,3.36,4.16,4.04,4.67,4.77,4.3200002,3.78,4.31,4.1,4.13,4.16,4.12,4.33,4.39,4.48,4.14,4.54,4.41,4.54,4.53,Matched (3)
BGE,Wales,Wales,Bridgend,W06000013,51.555847,-3.6003878,W92000004,Wales,Bridgend,3.32,3.92,4.6,5.18,5.84,5.67,5.42,5.54,5.27,5.19,5.06,5.11,4.96,5.25,5.48,5.41,5.22,5.55,5.65,5.98,6.01,6.05,Matched (3)
VGL,Wales,Wales,The Vale of Glamorgan,W06000014,51.444752,-3.3991625,W92000004,Wales,Vale of Glamorgan,4.47,5.09,5.56,5.98,6.05,6.78,6.8,6.0300002,6.14,6.13,6.35,6.11,6.58,6.62,6.12,6.63,7.15,6.9,7.56,8.61,8.88,8.33,Matched (3)
CRF,Wales,Wales,Cardiff,W06000015,51.508438,-3.199585,W92000004,Wales,Cardiff,4.85,6.01,6.5,6.48,6.87,6.96,6.66,5.9400001,6.28,6.15,6.11,6.17,6.24,6.37,6.54,6.57,6.72,6.66,7.47,8.37,7.99,7.29,Matched (3)
RCT,Wales,Wales,Rhondda Cynon Taff,W06000016,51.65033,-3.4355485,W92000004,Wales,Rhondda Cynon Taf,2.46,2.9,3.56,4.24,4.35,4.71,4.51,4.0599999,4.07,3.85,3.82,3.72,3.84,4.15,4.35,4.12,4.23,4.3,4.18,4.86,4.68,4.47,Matched (3)
CAY,Wales,Wales,Caerphilly,W06000018,51.653271,-3.2048974,W92000004,Wales,Caerphilly,3,3.65,4.62,5.02,5.72,5.61,5.74,4.8200002,5.12,4.75,4.79,4.68,5.02,4.85,4.95,4.89,4.87,4.94,4.95,5.36,5.8,5.32,Matched (3)
BGW,Wales,Wales,Blaenau Gwent,W06000019,51.766739,-3.1938186,W92000004,Wales,Blaenau Gwent,2.42,2.28,3.18,4.3,4.37,4.51,4.67,4.0599999,3.89,3.64,3.49,3.32,3.56,3.39,3.48,3.19,3.32,3.82,3.56,3.96,4.45,4.3,Matched (3)
TOF,Wales,Wales,Torfaen,W06000020,51.698586,-3.053427,W92000004,Wales,Torfaen,2.95,3.63,4.31,4.44,4.79,5.04,5.6,5.0300002,4.89,4.98,5.12,5.16,4.85,4.83,4.96,4.68,5.28,5.5,5.56,6.48,5.88,5.84,Matched (3)
MON,Wales,Wales,Monmouthshire,W06000021,51.757816,-2.8673289,W92000004,Wales,Monmouthshire,5.43,5.68,6.87,7.42,7.25,7.33,6.79,6.0300002,6.97,6.66,6.69,6.53,6.66,6.86,6.59,7.16,7.28,7.31,7.56,8.54,8.12,8.99,Matched (3)
NWP,Wales,Wales,Newport,W06000022,51.573765,-2.9617844,W92000004,Wales,Newport,3.76,4.22,5.28,5.57,5.85,6.17,6.29,5.1399999,5.3,5.29,5.24,5.45,5.42,5.82,6.1,6,5.91,6.18,6.03,7.09,6.57,6.64,Matched (3)
POW,Wales,Wales,Powys,W06000023,52.323742,-3.4099252,W92000004,Wales,Powys,4.57,5.18,7.26,7.37,7.76,7.9,7.59,7.0900002,7.26,6.76,7.49,7.35,7.15,6.63,6.56,6.98,6.89,6.68,6.35,7.86,8.33,7.17,Matched (3)
MTY,Wales,Wales,Merthyr Tydfil,W06000024,51.74094,-3.3610566,W92000004,Wales,Merthyr Tydfil,2.35,2.52,3.05,3.85,4.27,4.82,4.62,4.25,4.23,3.96,3.86,3.87,4.07,4.08,3.98,3.93,3.9,3.83,4.51,4.6,4.78,4.55,Matched (3)
,,,,E06000063,,,E12000002,North West,Cumberland,[x],3.28,4.03,4.29,5.09,5.19,5.04,4.9499998,4.9,5.19,5.05,4.68,4.91,4.9,5,5.04,5.16,5.02,4.47,5.02,4.83,4.25,Using only (2)
,,,,E06000064,,,E12000002,North West,Westmorland and Furness,[x],4.99,5.88,6.65,6.62,7.03,6.92,6.5700002,6.91,6.68,6.46,5.95,6.21,6.66,6.26,6.28,6.23,6.5,6.31,7.18,7.15,6.68,Using only (2)
,,,,E06000065,,,E12000003,Yorkshire and The Humber,North Yorkshire,[x],6.27,7.24,7.54,7.72,7.91,7.79,6.8499999,7.12,7.36,7.12,7.04,7.15,7.2,7.32,7.71,7.63,7.22,7.63,8.51,8.37,8.01,Using only (2)
,,,,E06000066,,,E12000009,South West,Somerset,[x],6.66,7.52,7.62,7.51,7.99,7.93,6.9499998,7.16,7.3,7.1,7.07,7.27,7.6,7.89,8.17,8.24,7.88,8.06,9.24,9.08,8.84,Using only (2)
